Date,Ticker,AssetClass,Adjusted_close,Close,Country,High,Low,Open,Volume,amihud_illiquidity,de_slope_proxy,global_yc_level,high_low_spread_22d,is_tradable,jp_slope_proxy,log_return_1d,log_return_1d_raw,log_return_20d,log_return_20d_raw,log_return_5d,log_return_5d_raw,mom_12m,mom_3m,mom_6m,price_to_52w_high,rolling_median_dollar_vol,rolling_median_price,rolling_zero_vol_frac,spread_us_de_slope,spread_us_jp_slope,spread_us_uk_slope,target_fwd,uk_slope_proxy,vol_10d,vol_22d,vol_60d,volume_ratio,yc_level,yc_slope,yc_slope_zscore
2000-08-23,CRUDE_OIL_commodity,commodity,,32.05,,32.8,31.95,31.95,79385.0,,,,,,,,,,,,,,,,,,,,,,,,,,,,,,,
2000-08-24,CRUDE_OIL_commodity,commodity,,31.63,,32.24,31.4,31.9,72978.0,,,,,,,-0.013191149,,,,,,,,,,,,,,,,,,,,,,,,
2000-08-25,CRUDE_OIL_commodity,commodity,,32.05,,32.1,31.32,31.7,44601.0,,,,,,,0.013191149,,,,,,,,,,,,,,,,,,,,,,,,
2000-08-28,CRUDE_OIL_commodity,commodity,,32.87,,32.92,31.86,32.04,46770.0,,,,,,,0.025263196,,,,,,,,,,,,,,,,,,,,,,,,
2000-08-29,CRUDE_OIL_commodity,commodity,,32.72,,33.03,32.56,32.82,49131.0,,,,,,,-0.004573806,,,,,,,,,,,,,,,,,,,,,,,,
2000-08-30,CRUDE_OIL_commodity,commodity,,33.4,,33.4,32.1,32.75,79214.0,,,,,,,0.020569397,,,,,,,,,,,,,,,,,,,,,,,,
2000-08-31,CRUDE_OIL_commodity,commodity,,33.1,,33.7,32.97,33.25,56895.0,,,,,,,-0.009022709,,,,,,,,,,,,,,,,,,,,,,,,
2000-09-01,CRUDE_OIL_commodity,commodity,,33.38,,33.45,32.75,33.05,45869.0,,,,,,,0.008423714,,,,,,,,,,,,,,,,,,,,,,,,
2000-09-05,CRUDE_OIL_commodity,commodity,,33.8,,33.99,33.42,33.95,55722.0,,,,,,,0.01250383,,,,,,,,,,,,,,,,,,,,,,,,
2000-09-06,CRUDE_OIL_commodity,commodity,,34.95,,34.95,33.83,33.99,74692.0,,,,,,,0.03345771,,,,,,,,,,,,,,,,,,,,,,,,
2000-09-07,CRUDE_OIL_commodity,commodity,,35.33,,35.5,34.45,34.5,74105.0,,,,,,,0.010814022,,,,,,,,,,,,,,,,,,,,,,,,
2000-09-08,CRUDE_OIL_commodity,commodity,,33.7,,34.78,33.4,34.55,88415.0,,,,,,,-0.047234654,,,,,,,,,,,,,,,,,,,,,,,,
2000-09-11,CRUDE_OIL_commodity,commodity,,35.1,,35.85,33.75,33.8,101518.0,,,,,,,0.040703226,,,,,,,,,,,,,,,,,,,,,,,,
2000-09-12,CRUDE_OIL_commodity,commodity,,34.2,,35.5,34.1,35.45,91911.0,,,,,,,-0.025975421,,,,,,,,,,,,,,,,,,,,,,,,
2000-09-13,CRUDE_OIL_commodity,commodity,,33.8,,34.74,33.5,34.0,94630.0,,,,,,,-0.011764887,,,,,,,,,,,,,,,,,,,,,,,,
2000-09-14,CRUDE_OIL_commodity,commodity,,34.1,,34.5,33.12,33.78,98068.0,,,,,,,0.00883656,,,,,,,,,,,,,,,,,,,,,,,,
2000-09-15,CRUDE_OIL_commodity,commodity,,35.85,,36.1,34.45,34.5,85839.0,,,,,,,0.050046183,,,,,,,,,,,,,,,,,,,,,,,,
2000-09-18,CRUDE_OIL_commodity,commodity,,36.88,,37.15,36.15,36.2,59663.0,,,,,,,0.028325902,,,,,,,,,,,,,,,,,,,,,,,,
2000-09-19,CRUDE_OIL_commodity,commodity,,36.5,,37.0,36.15,36.55,62731.0,,,,,,,-0.010357167,,,,,,,,,,,,,,,,,,,,,,,,
2000-09-20,CRUDE_OIL_commodity,commodity,,37.5,,37.8,36.5,37.5,119080.0,,,,,,,0.027028672,,,,,,,,,,,,,,,,,,,,,,,,
2000-09-21,CRUDE_OIL_commodity,commodity,,33.95,,35.5,33.35,34.65,110851.0,,,,,,,-0.099452056,,,,,,,,,,,,,,,,,,,,,,,,
2000-09-22,CRUDE_OIL_commodity,commodity,,32.65,,34.4,32.5,34.0,85083.0,,,,,,,-0.039043974,,,,,,,,,,,,,,,,,,,,,,,,
2000-09-25,CRUDE_OIL_commodity,commodity,,31.57,,32.1,31.05,31.4,104683.0,,,,,,,-0.03363761,,,,,,,,,,,,,,,,,,,0.034111515,,,,,
2000-09-26,CRUDE_OIL_commodity,commodity,,31.5,,32.05,31.4,32.0,67727.0,,,,,,,-0.002219747,,,,,,,,,,,,,,,,,,,0.034,,,,,
2000-09-27,CRUDE_OIL_commodity,commodity,,31.5,,32.25,31.4,31.95,86160.0,,,,,,,0.0,,,,,,,,,,,,,,,,,,,0.033868898,,,,,
2000-09-28,CRUDE_OIL_commodity,commodity,,30.3,,32.42,30.25,31.1,77513.0,,,,,,,-0.038839858,,,,,,,,,,,,,,,,,,,0.03427605,,,,,
2000-09-29,CRUDE_OIL_commodity,commodity,,30.86,,30.95,30.15,30.7,57628.0,,,,,,,0.018313179,,,,,,,,,,,,,,,,,,,0.03459413,,,,,
2000-10-02,CRUDE_OIL_commodity,commodity,,32.15,,32.35,31.35,31.45,59618.0,,,,,,,0.040951632,,,,,,,,,,,,,,,,,,,0.03550676,,,,,
2000-10-03,CRUDE_OIL_commodity,commodity,,32.07,,32.32,31.69,32.0,48238.0,,,,,,,-0.002491494,,,,,,,,,,,,,,,,,,,0.0354702,,,,,
2000-10-04,CRUDE_OIL_commodity,commodity,,31.5,,31.9,31.3,31.6,58088.0,,,,,,,-0.017933458,,,,,,,,,,,,,,,,,,,0.035566278,,,,,
2000-10-05,CRUDE_OIL_commodity,commodity,,30.65,,30.95,30.17,30.85,97911.0,,,,,,,-0.027354896,,,,,,,,,,,,,,,,,,,0.035772987,,,,,
2000-10-06,CRUDE_OIL_commodity,commodity,,30.85,,30.96,30.55,30.75,46276.0,,,,,,,0.006504113,,,,,,,,,,,,,,,,,,,0.03486299,,,,,
2000-10-09,CRUDE_OIL_commodity,commodity,,31.88,,31.92,31.23,31.55,51647.0,,,,,,,0.032842066,,,,,,,,,,,,,,,,,,,0.035666093,,,,,
2000-10-10,CRUDE_OIL_commodity,commodity,,33.15,,33.25,32.23,32.25,78801.0,,,,,,,0.039063934,,,,,,,,,,,,,,,,,,,0.035507187,,,,,
2000-10-11,CRUDE_OIL_commodity,commodity,,33.15,,33.7,32.96,33.6,78565.0,,,,,,,0.0,,,,,,,,,,,,,,,,,,,0.034283843,,,,,
2000-10-12,CRUDE_OIL_commodity,commodity,,36.1,,37.0,34.8,35.0,116368.0,,,,,,,0.08525006,,,,,,,,,,,,,,,,,,,0.038601443,,,,,
2000-10-13,CRUDE_OIL_commodity,commodity,,35.05,,35.96,34.9,35.93,0.0,,,,,,,-0.029517232,,,,,,,,,,,,,,,,,,,0.039095294,,,,,
2000-10-16,CRUDE_OIL_commodity,commodity,,33.1,,34.8,32.7,34.4,60396.0,,,,,,,-0.057242356,,,,,,,,,,,,,,,,,,,0.041008454,,,,,
2000-10-17,CRUDE_OIL_commodity,commodity,,32.95,,33.5,32.4,32.7,77365.0,,,,,,,-0.004541952,,,,,,,,,,,,,,,,,,,0.03936908,,,,,
2000-10-18,CRUDE_OIL_commodity,commodity,,33.55,,33.85,33.1,33.55,53355.0,,,,,,,0.018045556,,,,,,,,,,,,,,,,,,,0.039028723,,,,,
2000-10-19,CRUDE_OIL_commodity,commodity,,32.95,,34.3,32.7,33.85,55415.0,,,,,,,-0.018045556,,,,,,,,,,,,,,,,,,,0.039119843,,,,,
2000-10-20,CRUDE_OIL_commodity,commodity,,34.3,,34.35,32.85,33.3,75683.0,,,,,,,0.040154047,,,,,,,,,,,,,,,,,,,0.039721448,,,,,
2000-10-23,CRUDE_OIL_commodity,commodity,,33.73,,33.8,32.6,33.0,47952.0,,,,,,,-0.016757697,,,,,,,,,,,,,,,,,,,0.033724006,,,,,
2000-10-24,CRUDE_OIL_commodity,commodity,,33.37,,34.1,33.3,33.75,69791.0,,,,,,,-0.010730375,,,,,,,,,,,,,,,,,,,0.03269956,,,,,
2000-10-25,CRUDE_OIL_commodity,commodity,,32.96,,33.52,32.85,33.5,60419.0,,,,,,,-0.012362584,,,,,,,,,,,,,,,,,,,0.031932272,,,,,
2000-10-26,CRUDE_OIL_commodity,commodity,,33.75,,33.82,32.95,33.65,68127.0,,,,,,,0.02368574,,,,,,,,,,,,,,,,,,,0.032246947,,,,,
2000-10-27,CRUDE_OIL_commodity,commodity,,32.7,,33.69,32.65,33.68,68531.0,,,,,,,-0.031605314,,,,,,,,,,,,,,,,,,,0.033086397,,,,,
2000-10-30,CRUDE_OIL_commodity,commodity,,32.81,,33.43,32.65,32.75,54388.0,,,,,,,0.0033582875,,,,,,,,,,,,,,,,,,,0.03182338,,,,,
2000-10-31,CRUDE_OIL_commodity,commodity,,32.69,,32.88,32.1,32.73,63007.0,,,,,,,-0.0036642102,,,,,,,,,,,,,,,,,,,0.031684745,,,,,
2000-11-01,CRUDE_OIL_commodity,commodity,,33.2,,33.75,32.82,33.15,71542.0,,,,,,,0.01548072,,,,,,,,,,,,,,,,,,,0.030666336,,,,,
2000-11-02,CRUDE_OIL_commodity,commodity,,32.54,,33.6,32.2,32.75,66821.0,,,,,,,-0.02007977,,,,,,,,,,,,,,,,,,,0.031001706,,,,,
2000-11-03,CRUDE_OIL_commodity,commodity,,32.6,,32.9,32.32,32.6,54514.0,,,,,,,0.0018421117,,,,,,,,,,,,,,,,,,,0.030722314,,,,,
2000-11-06,CRUDE_OIL_commodity,commodity,,32.86,,32.98,32.1,32.4,63791.0,,,,,,,0.00794389,,,,,,,,,,,,,,,,,,,0.030054795,,,,,
2000-11-07,CRUDE_OIL_commodity,commodity,,33.4,,33.55,32.98,33.05,58379.0,,,,,,,0.016299814,,,,,,,,,,,,,,,,,,,0.030178929,,,,,
2000-11-08,CRUDE_OIL_commodity,commodity,,33.29,,33.5,32.8,33.2,62043.0,,,,,,,-0.0032988666,,,,,,,,,,,,,,,,,,,0.029487662,,,,,
2000-11-09,CRUDE_OIL_commodity,commodity,,33.95,,34.0,33.3,33.5,64155.0,,,,,,,0.019631797,,,,,,,,,,,,,,,,,,,0.028601259,,,,,
2000-11-10,CRUDE_OIL_commodity,commodity,,34.09,,34.15,33.6,33.7,63519.0,,,,,,,0.004115214,,,,,,,,,,,,,,,,,,,0.02860729,,,,,
2000-11-13,CRUDE_OIL_commodity,commodity,,34.43,,34.55,34.1,34.15,66342.0,,,,,,,0.009924196,,,,,,,,,,,,,,,,,,,0.021767603,,,,,
2000-11-14,CRUDE_OIL_commodity,commodity,,34.85,,34.98,33.92,34.37,78811.0,,,,,,,0.012124808,,,,,,,,,,,,,,,,,,,0.021074276,,,,,
2000-11-15,CRUDE_OIL_commodity,commodity,,35.6,,35.65,34.63,35.4,80892.0,,,,,,,0.021292502,,,,,,,,,,,,,,,,,,,0.017270695,,,,,
2000-11-16,CRUDE_OIL_commodity,commodity,,35.05,,35.55,34.95,35.25,51772.0,,,,,,,-0.015570004,,,,,,,,,,,,,,,,,,,0.01766498,,,,,
2000-11-17,CRUDE_OIL_commodity,commodity,,35.6,,35.85,34.6,34.7,79730.0,,,,,,,0.015570004,,,,,,,,,,,,,,,,,,,0.017570931,,,,,
2000-11-20,CRUDE_OIL_commodity,commodity,,35.22,,35.85,35.0,35.5,68250.0,,,,,,,-0.010731458,,,,,,,,,,,,,,,,,,,0.017225597,,,,,
2000-11-21,CRUDE_OIL_commodity,commodity,,35.15,,35.7,35.0,35.4,0.0,,,,,,,-0.0019894761,,,,,,,,,,,,,,,,,,,0.015114283,,,,,
2000-11-22,CRUDE_OIL_commodity,commodity,,35.4,,35.64,34.67,34.9,45768.0,,,,,,,0.0070872013,,,,,,,,,,,,,,,,,,,0.014618598,,,,,
2000-11-27,CRUDE_OIL_commodity,commodity,,35.38,,35.76,35.06,35.25,50390.0,,,,,,,-0.00056514435,,,,,,,,,,,,,,,,,,,0.014348712,,,,,
2000-11-28,CRUDE_OIL_commodity,commodity,,34.25,,35.1,34.15,34.98,70027.0,,,,,,,-0.032460153,,,,,,,,,,,,,,,,,,,0.015905866,,,,,
2000-11-29,CRUDE_OIL_commodity,commodity,,34.63,,34.9,33.83,34.25,82486.0,,,,,,,0.011033825,,,,,,,,,,,,,,,,,,,0.015291673,,,,,
2000-11-30,CRUDE_OIL_commodity,commodity,,33.8,,35.1,33.7,34.95,79900.0,,,,,,,-0.02425961,,,,,,,,,,,,,,,,,,,0.014606801,,,,,
2000-12-01,CRUDE_OIL_commodity,commodity,,32.05,,34.05,31.8,33.9,96057.0,,,,,,,-0.05316362,,,,,,,,,,,,,,,,,,,0.018670596,,,,,
2000-12-04,CRUDE_OIL_commodity,commodity,,31.3,,33.11,30.9,32.38,92267.0,,,,,,,-0.023679087,,,,,,,,,,,,,,,,,,,0.019280925,,,,,
2000-12-05,CRUDE_OIL_commodity,commodity,,29.55,,31.42,29.45,31.25,103335.0,,,,,,,-0.057534356,,,,,,,,,,,,,,,,,,,0.022196783,,,,,
2000-12-06,CRUDE_OIL_commodity,commodity,,29.85,,30.1,28.2,30.0,96057.0,,,,,,,0.010101135,,,,,,,,,,,,,,,,,,,0.022172078,,,,,
2000-12-07,CRUDE_OIL_commodity,commodity,,29.36,,30.2,29.0,30.05,39650.0,,,,,,,-0.016551629,,,,,,,,,,,,,,,,,,,0.022290854,,,,,
2000-12-08,CRUDE_OIL_commodity,commodity,,28.5,,29.25,27.85,28.8,80715.0,,,,,,,-0.029729137,,,,,,,,,,,,,,,,,,,0.022711674,,,,,
2000-12-11,CRUDE_OIL_commodity,commodity,,29.45,,29.55,28.75,29.0,77299.0,,,,,,,0.03278985,,,,,,,,,,,,,,,,,,,0.023747433,,,,,
2000-12-12,CRUDE_OIL_commodity,commodity,,29.69,,29.8,28.9,29.6,60269.0,,,,,,,0.008116371,,,,,,,,,,,,,,,,,,,0.023926908,,,,,
2000-12-13,CRUDE_OIL_commodity,commodity,,28.5,,30.0,28.5,29.75,71405.0,,,,,,,-0.04090622,,,,,,,,,,,,,,,,,,,0.024411073,,,,,
2000-12-14,CRUDE_OIL_commodity,commodity,,27.9,,29.13,27.51,28.85,70754.0,,,,,,,-0.021277413,,,,,,,,,,,,,,,,,,,0.024413556,,,,,
2000-12-15,CRUDE_OIL_commodity,commodity,,28.85,,28.95,28.0,28.35,53224.0,,,,,,,0.03348333,,,,,,,,,,,,,,,,,,,0.025767298,,,,,
2000-12-18,CRUDE_OIL_commodity,commodity,,29.65,,29.9,29.13,29.55,50760.0,,,,,,,0.027352106,,,,,,,,,,,,,,,,,,,0.026527958,,,,,
2000-12-19,CRUDE_OIL_commodity,commodity,,28.8,,29.75,28.5,29.4,66348.0,,,,,,,-0.029086752,,,,,,,,,,,,,,,,,,,0.026109302,,,,,
2000-12-20,CRUDE_OIL_commodity,commodity,,25.67,,27.45,25.5,27.16,64487.0,,,,,,,-0.115052365,,,,,,,,,,,,,,,,,,,0.034464166,,,,,
2000-12-21,CRUDE_OIL_commodity,commodity,,26.05,,26.4,25.65,26.4,52292.0,,,,,,,0.014694741,,,,,,,,,,,,,,,,,,,0.0344287,,,,,
2000-12-22,CRUDE_OIL_commodity,commodity,,26.18,,27.25,26.05,26.15,41154.0,,,,,,,0.0049780332,,,,,,,,,,,,,,,,,,,0.034666087,,,,,
2000-12-26,CRUDE_OIL_commodity,commodity,,26.65,,26.9,26.2,26.2,24449.0,,,,,,,0.017793365,,,,,,,,,,,,,,,,,,,0.0352304,,,,,
2000-12-27,CRUDE_OIL_commodity,commodity,,26.45,,27.02,26.4,26.9,34003.0,,,,,,,-0.007532949,,,,,,,,,,,,,,,,,,,0.03497867,,,,,
2000-12-28,CRUDE_OIL_commodity,commodity,,25.85,,26.48,25.75,26.35,34439.0,,,,,,,-0.022945572,,,,,,,,,,,,,,,,,,,0.03491764,,,,,
2000-12-29,CRUDE_OIL_commodity,commodity,,26.8,,26.95,25.9,25.9,35529.0,,,,,,,0.036091242,,,,,,,,,,,,,,,,,,,0.036249924,,,,,
2001-01-02,CRUDE_OIL_commodity,commodity,,27.2,,27.4,26.6,27.25,52321.0,,,,,,,0.014815142,,,,,,,,,,,,,,,,,,,0.036368884,,,,,
2001-01-03,CRUDE_OIL_commodity,commodity,,27.95,,28.14,27.05,27.23,66628.0,,,,,,,0.027200226,,,,,,,,,,,,,,,,,,,0.03712101,,,,,
2001-01-04,CRUDE_OIL_commodity,commodity,,28.2,,28.78,27.85,28.2,74383.0,,,,,,,0.008904778,,,,,,,,,,,,,,,,,,,0.035914917,,,,,
2001-01-05,CRUDE_OIL_commodity,commodity,,28.0,,28.8,27.8,28.15,63852.0,,,,,,,-0.007117495,,,,,,,,,,,,,,,,,,,0.03569559,,,,,
2001-01-08,CRUDE_OIL_commodity,commodity,,27.35,,28.4,27.15,28.2,76058.0,,,,,,,-0.023487967,,,,,,,,,,,,,,,,,,,0.03401072,,,,,
2001-01-09,CRUDE_OIL_commodity,commodity,,27.72,,27.75,26.9,27.25,69916.0,,,,,,,0.013437606,,,,,,,,,,,,,,,,,,,0.034081697,,,,,
2001-01-10,CRUDE_OIL_commodity,commodity,,29.5,,29.6,27.7,27.75,93000.0,,,,,,,0.062236115,,,,,,,,,,,,,,,,,,,0.036671173,,,,,
2001-01-11,CRUDE_OIL_commodity,commodity,,29.5,,29.9,28.98,29.35,67374.0,,,,,,,0.0,,,,,,,,,,,,,,,,,,,0.03605777,,,,,
2001-01-12,CRUDE_OIL_commodity,commodity,,30.05,,30.2,29.37,29.5,47023.0,,,,,,,0.018472372,,,,,,,,,,,,,,,,,,,0.035593633,,,,,
2001-01-16,CRUDE_OIL_commodity,commodity,,30.35,,30.45,29.85,30.1,66392.0,,,,,,,0.0099338945,,,,,,,,,,,,,,,,,,,0.035613243,,,,,
2001-01-17,CRUDE_OIL_commodity,commodity,,29.65,,30.2,29.0,29.8,75568.0,,,,,,,-0.023334417,,,,,,,,,,,,,,,,,,,0.03481679,,,,,
2001-01-18,CRUDE_OIL_commodity,commodity,,30.45,,30.51,29.3,29.85,44842.0,,,,,,,0.026623907,,,,,,,,,,,,,,,,,,,0.0348028,,,,,
2001-01-19,CRUDE_OIL_commodity,commodity,,32.1,,32.4,30.2,30.25,42815.0,,,,,,,0.052769963,,,,,,,,,,,,,,,,,,,0.035809826,,,,,
2001-01-22,CRUDE_OIL_commodity,commodity,,32.0,,32.7,31.75,31.95,92401.0,,,,,,,-0.0031200799,,,,,,,,,,,,,,,,,,,0.035485953,,,,,
2001-01-23,CRUDE_OIL_commodity,commodity,,29.57,,29.68,29.0,29.6,73113.0,,,,,,,-0.07897558,,,,,,,,,,,,,,,,,,,0.039077584,,,,,
2001-01-24,CRUDE_OIL_commodity,commodity,,29.05,,29.82,28.64,28.9,91773.0,,,,,,,-0.017741866,,,,,,,,,,,,,,,,,,,0.029666482,,,,,
2001-01-25,CRUDE_OIL_commodity,commodity,,29.36,,29.53,28.8,29.0,61551.0,,,,,,,0.010614768,,,,,,,,,,,,,,,,,,,0.029619783,,,,,
2001-01-26,CRUDE_OIL_commodity,commodity,,29.78,,29.99,29.32,29.42,53751.0,,,,,,,0.014203826,,,,,,,,,,,,,,,,,,,0.029678227,,,,,
2001-01-29,CRUDE_OIL_commodity,commodity,,29.06,,30.15,28.86,30.15,64714.0,,,,,,,-0.02447441,,,,,,,,,,,,,,,,,,,0.030231645,,,,,
2001-01-30,CRUDE_OIL_commodity,commodity,,29.06,,29.34,28.68,29.08,55220.0,,,,,,,0.0,,,,,,,,,,,,,,,,,,,0.030138087,,,,,
2001-01-31,CRUDE_OIL_commodity,commodity,,28.7,,29.15,28.25,29.0,85659.0,,,,,,,-0.01246549,,,,,,,,,,,,,,,,,,,0.029767854,,,,,
2001-02-01,CRUDE_OIL_commodity,commodity,,29.8,,29.87,28.53,28.95,77052.0,,,,,,,0.03761122,,,,,,,,,,,,,,,,,,,0.029845713,,,,,
2001-02-02,CRUDE_OIL_commodity,commodity,,31.25,,31.3,29.65,29.73,79001.0,,,,,,,0.047511008,,,,,,,,,,,,,,,,,,,0.03115241,,,,,
2001-02-05,CRUDE_OIL_commodity,commodity,,30.5,,31.05,30.2,31.05,67618.0,,,,,,,-0.024292693,,,,,,,,,,,,,,,,,,,0.031441133,,,,,
2001-02-06,CRUDE_OIL_commodity,commodity,,30.35,,30.9,30.16,30.65,57981.0,,,,,,,-0.0049301535,,,,,,,,,,,,,,,,,,,0.031476043,,,,,
2001-02-07,CRUDE_OIL_commodity,commodity,,31.2,,31.35,30.0,30.5,85694.0,,,,,,,0.02762159,,,,,,,,,,,,,,,,,,,0.0317962,,,,,
2001-02-08,CRUDE_OIL_commodity,commodity,,31.56,,31.88,31.12,31.2,68125.0,,,,,,,0.01147236,,,,,,,,,,,,,,,,,,,0.031176466,,,,,
2001-02-09,CRUDE_OIL_commodity,commodity,,31.05,,31.4,30.85,31.3,55244.0,,,,,,,-0.016291695,,,,,,,,,,,,,,,,,,,0.031504378,,,,,
2001-02-12,CRUDE_OIL_commodity,commodity,,30.55,,31.05,30.4,30.7,69227.0,,,,,,,-0.016234124,,,,,,,,,,,,,,,,,,,0.029083328,,,,,
2001-02-13,CRUDE_OIL_commodity,commodity,,30.34,,30.4,29.72,30.3,85072.0,,,,,,,-0.006897682,,,,,,,,,,,,,,,,,,,0.02913841,,,,,
2001-02-14,CRUDE_OIL_commodity,commodity,,29.75,,30.88,29.65,30.33,89483.0,,,,,,,-0.019637847,,,,,,,,,,,,,,,,,,,0.029200178,,,,,
2001-02-15,CRUDE_OIL_commodity,commodity,,28.8,,29.4,28.55,29.3,73627.0,,,,,,,-0.03245377,,,,,,,,,,,,,,,,,,,0.02987266,,,,,
2001-02-16,CRUDE_OIL_commodity,commodity,,29.16,,29.25,29.1,29.2,0.0,,,,,,,0.012422541,,,,,,,,,,,,,,,,,,,0.029650344,,,,,
2001-02-20,CRUDE_OIL_commodity,commodity,,28.58,,29.53,28.4,29.5,72068.0,,,,,,,-0.020090733,,,,,,,,,,,,,,,,,,,0.0292663,,,,,
2001-02-21,CRUDE_OIL_commodity,commodity,,28.55,,29.0,28.3,28.9,55059.0,,,,,,,-0.0010502605,,,,,,,,,,,,,,,,,,,0.026512815,,,,,
2001-02-22,CRUDE_OIL_commodity,commodity,,28.82,,29.2,28.35,28.85,86691.0,,,,,,,0.0094126705,,,,,,,,,,,,,,,,,,,0.026696503,,,,,
2001-02-23,CRUDE_OIL_commodity,commodity,,29.0,,29.02,29.0,29.0,61454.0,,,,,,,0.00622625,,,,,,,,,,,,,,,,,,,0.020986537,,,,,
2001-02-26,CRUDE_OIL_commodity,commodity,,28.44,,28.94,28.4,28.76,62142.0,,,,,,,-0.019499207,,,,,,,,,,,,,,,,,,,0.02105698,,,,,
2001-02-27,CRUDE_OIL_commodity,commodity,,28.12,,28.35,27.71,28.0,95832.0,,,,,,,-0.011315527,,,,,,,,,,,,,,,,,,,0.021001726,,,,,
2001-02-28,CRUDE_OIL_commodity,commodity,,27.42,,28.2,27.34,28.15,82364.0,,,,,,,-0.02520842,,,,,,,,,,,,,,,,,,,0.021236785,,,,,
2001-03-01,CRUDE_OIL_commodity,commodity,,27.65,,27.89,27.15,27.45,62801.0,,,,,,,0.008353037,,,,,,,,,,,,,,,,,,,0.020861462,,,,,
2001-03-02,CRUDE_OIL_commodity,commodity,,27.84,,28.2,27.6,27.69,61545.0,,,,,,,0.0068481266,,,,,,,,,,,,,,,,,,,0.020947713,,,,,
2001-03-05,CRUDE_OIL_commodity,commodity,,28.6,,28.83,28.21,28.25,49216.0,,,,,,,0.02693289,,,,,,,,,,,,,,,,,,,0.021677276,,,,,
2001-03-06,CRUDE_OIL_commodity,commodity,,28.3,,28.7,28.2,28.35,50980.0,,,,,,,-0.010544954,,,,,,,,,,,,,,,,,,,0.020052185,,,,,
2001-03-07,CRUDE_OIL_commodity,commodity,,28.95,,29.15,28.15,28.5,86394.0,,,,,,,0.022708453,,,,,,,,,,,,,,,,,,,0.017671416,,,,,
2001-03-08,CRUDE_OIL_commodity,commodity,,28.49,,29.15,28.3,28.95,80771.0,,,,,,,-0.01601709,,,,,,,,,,,,,,,,,,,0.017291164,,,,,
2001-03-09,CRUDE_OIL_commodity,commodity,,27.8,,28.48,27.8,28.25,57964.0,,,,,,,-0.024517147,,,,,,,,,,,,,,,,,,,0.01788405,,,,,
2001-03-12,CRUDE_OIL_commodity,commodity,,28.0,,28.24,27.65,27.8,54249.0,,,,,,,0.007168517,,,,,,,,,,,,,,,,,,,0.016651705,,,,,
2001-03-13,CRUDE_OIL_commodity,commodity,,27.45,,27.9,27.45,27.8,0.0,,,,,,,-0.019838315,,,,,,,,,,,,,,,,,,,0.016521595,,,,,
2001-03-14,CRUDE_OIL_commodity,commodity,,26.45,,27.75,26.2,27.65,84086.0,,,,,,,-0.03711001,,,,,,,,,,,,,,,,,,,0.017674569,,,,,
2001-03-15,CRUDE_OIL_commodity,commodity,,26.65,,26.66,26.1,26.6,69457.0,,,,,,,0.007532949,,,,,,,,,,,,,,,,,,,0.017827433,,,,,
2001-03-16,CRUDE_OIL_commodity,commodity,,26.7,,27.75,26.6,26.95,54833.0,,,,,,,0.0018744577,,,,,,,,,,,,,,,,,,,0.017909184,,,,,
2001-03-19,CRUDE_OIL_commodity,commodity,,26.18,,26.94,26.05,26.5,39585.0,,,,,,,-0.019667821,,,,,,,,,,,,,,,,,,,0.017910287,,,,,
2001-03-20,CRUDE_OIL_commodity,commodity,,25.9,,26.49,25.7,26.25,100723.0,,,,,,,-0.010752819,,,,,,,,,,,,,,,,,,,0.016944598,,,,,
2001-03-21,CRUDE_OIL_commodity,commodity,,26.8,,26.85,25.92,26.18,80284.0,,,,,,,0.034158904,,,,,,,,,,,,,,,,,,,0.018555276,,,,,
2001-03-22,CRUDE_OIL_commodity,commodity,,26.52,,27.19,26.42,26.79,74305.0,,,,,,,-0.0105026765,,,,,,,,,,,,,,,,,,,0.018265655,,,,,
2001-03-23,CRUDE_OIL_commodity,commodity,,27.3,,27.45,26.48,26.7,69876.0,,,,,,,0.028987492,,,,,,,,,,,,,,,,,,,0.01952868,,,,,
2001-03-26,CRUDE_OIL_commodity,commodity,,27.46,,27.66,27.11,27.4,52637.0,,,,,,,0.005843693,,,,,,,,,,,,,,,,,,,0.019443693,,,,,
2001-03-27,CRUDE_OIL_commodity,commodity,,27.75,,28.04,27.38,27.58,75766.0,,,,,,,0.010505473,,,,,,,,,,,,,,,,,,,0.019553069,,,,,
2001-03-28,CRUDE_OIL_commodity,commodity,,26.25,,27.78,26.25,27.45,105169.0,,,,,,,-0.05556985,,,,,,,,,,,,,,,,,,,0.022395728,,,,,
2001-03-29,CRUDE_OIL_commodity,commodity,,26.35,,26.78,25.75,26.35,86983.0,,,,,,,0.0038023004,,,,,,,,,,,,,,,,,,,0.022381006,,,,,
2001-03-30,CRUDE_OIL_commodity,commodity,,26.4,,26.64,25.96,26.45,63947.0,,,,,,,0.0018957063,,,,,,,,,,,,,,,,,,,0.021837087,,,,,
2001-04-02,CRUDE_OIL_commodity,commodity,,25.59,,26.47,25.55,26.35,55182.0,,,,,,,-0.03116234,,,,,,,,,,,,,,,,,,,0.02258127,,,,,
2001-04-03,CRUDE_OIL_commodity,commodity,,26.19,,26.28,25.49,25.7,74089.0,,,,,,,0.023176022,,,,,,,,,,,,,,,,,,,0.023198139,,,,,
2001-04-04,CRUDE_OIL_commodity,commodity,,27.12,,27.24,26.13,26.65,77935.0,,,,,,,0.034893814,,,,,,,,,,,,,,,,,,,0.02373942,,,,,
2001-04-05,CRUDE_OIL_commodity,commodity,,27.26,,27.78,26.65,27.1,80086.0,,,,,,,0.0051489407,,,,,,,,,,,,,,,,,,,0.023719281,,,,,
2001-04-06,CRUDE_OIL_commodity,commodity,,27.06,,27.28,26.81,26.9,46546.0,,,,,,,-0.0073638316,,,,,,,,,,,,,,,,,,,0.023104088,,,,,
2001-04-09,CRUDE_OIL_commodity,commodity,,27.34,,27.67,27.01,27.13,59981.0,,,,,,,0.010294233,,,,,,,,,,,,,,,,,,,0.023082895,,,,,
2001-04-10,CRUDE_OIL_commodity,commodity,,28.48,,28.63,27.31,27.0,87333.0,,,,,,,0.040851235,,,,,,,,,,,,,,,,,,,0.024208985,,,,,
2001-04-11,CRUDE_OIL_commodity,commodity,,28.18,,28.45,27.94,28.25,60599.0,,,,,,,-0.010589553,,,,,,,,,,,,,,,,,,,0.02429286,,,,,
2001-04-12,CRUDE_OIL_commodity,commodity,,28.25,,28.84,28.19,28.55,61083.0,,,,,,,0.0024809402,,,,,,,,,,,,,,,,,,,0.023874627,,,,,
2001-04-16,CRUDE_OIL_commodity,commodity,,28.79,,29.04,28.05,28.3,54348.0,,,,,,,0.018934678,,,,,,,,,,,,,,,,,,,0.022532713,,,,,
2001-04-17,CRUDE_OIL_commodity,commodity,,28.24,,29.0,28.15,28.6,58990.0,,,,,,,-0.019288732,,,,,,,,,,,,,,,,,,,0.023043953,,,,,
2001-04-18,CRUDE_OIL_commodity,commodity,,27.95,,28.29,27.04,27.75,73590.0,,,,,,,-0.010322178,,,,,,,,,,,,,,,,,,,0.02320922,,,,,
2001-04-19,CRUDE_OIL_commodity,commodity,,27.83,,27.96,27.45,27.85,49915.0,,,,,,,-0.004302654,,,,,,,,,,,,,,,,,,,0.022750273,,,,,
2001-04-20,CRUDE_OIL_commodity,commodity,,27.28,,28.0,26.8,27.78,74418.0,,,,,,,-0.019960715,,,,,,,,,,,,,,,,,,,0.023093173,,,,,
2001-04-23,CRUDE_OIL_commodity,commodity,,27.61,,27.93,27.4,27.85,59963.0,,,,,,,0.01202419,,,,,,,,,,,,,,,,,,,0.02210271,,,,,
2001-04-24,CRUDE_OIL_commodity,commodity,,26.86,,27.98,26.8,27.95,76352.0,,,,,,,-0.027539834,,,,,,,,,,,,,,,,,,,0.022824576,,,,,
2001-04-25,CRUDE_OIL_commodity,commodity,,27.29,,27.38,26.75,26.87,65944.0,,,,,,,0.015882155,,,,,,,,,,,,,,,,,,,0.022210598,,,,,
2001-04-26,CRUDE_OIL_commodity,commodity,,28.44,,28.65,27.29,27.75,77569.0,,,,,,,0.041276254,,,,,,,,,,,,,,,,,,,0.023877881,,,,,
2001-04-27,CRUDE_OIL_commodity,commodity,,28.27,,28.64,28.15,28.44,57334.0,,,,,,,-0.0059954356,,,,,,,,,,,,,,,,,,,0.023843762,,,,,
2001-04-30,CRUDE_OIL_commodity,commodity,,28.46,,28.99,28.13,28.6,40223.0,,,,,,,0.006698373,,,,,,,,,,,,,,,,,,,0.020253804,,,,,
2001-05-01,CRUDE_OIL_commodity,commodity,,28.94,,28.98,28.36,28.5,57564.0,,,,,,,0.016725179,,,,,,,,,,,,,,,,,,,0.020444196,,,,,
2001-05-02,CRUDE_OIL_commodity,commodity,,27.8,,28.33,27.76,28.25,69856.0,,,,,,,-0.040188745,,,,,,,,,,,,,,,,,,,0.022537803,,,,,
2001-05-03,CRUDE_OIL_commodity,commodity,,28.45,,28.55,27.37,27.45,68101.0,,,,,,,0.023112195,,,,,,,,,,,,,,,,,,,0.021647872,,,,,
2001-05-04,CRUDE_OIL_commodity,commodity,,28.36,,28.73,28.15,28.45,49654.0,,,,,,,-0.0031684642,,,,,,,,,,,,,,,,,,,0.021309888,,,,,
2001-05-07,CRUDE_OIL_commodity,commodity,,27.77,,28.58,27.72,28.45,56162.0,,,,,,,-0.021023406,,,,,,,,,,,,,,,,,,,0.02072871,,,,,
2001-05-08,CRUDE_OIL_commodity,commodity,,27.39,,28.0,27.35,27.8,57551.0,,,,,,,-0.013778357,,,,,,,,,,,,,,,,,,,0.020943312,,,,,
2001-05-09,CRUDE_OIL_commodity,commodity,,28.23,,28.25,27.05,27.25,81008.0,,,,,,,0.030207265,,,,,,,,,,,,,,,,,,,0.021809684,,,,,
2001-05-10,CRUDE_OIL_commodity,commodity,,28.52,,28.85,28.15,28.15,66192.0,,,,,,,0.010220385,,,,,,,,,,,,,,,,,,,0.02180834,,,,,
2001-05-11,CRUDE_OIL_commodity,commodity,,28.55,,28.75,28.28,28.36,51638.0,,,,,,,0.0010512978,,,,,,,,,,,,,,,,,,,0.020001004,,,,,
2001-05-14,CRUDE_OIL_commodity,commodity,,28.71,,28.81,28.08,28.7,55538.0,,,,,,,0.005588553,,,,,,,,,,,,,,,,,,,0.0198859,,,,,
2001-05-15,CRUDE_OIL_commodity,commodity,,28.98,,29.07,28.61,28.7,50905.0,,,,,,,0.009360459,,,,,,,,,,,,,,,,,,,0.019966744,,,,,
2001-05-16,CRUDE_OIL_commodity,commodity,,28.86,,29.25,28.45,29.18,62822.0,,,,,,,-0.0041493466,,,,,,,,,,,,,,,,,,,0.019591179,,,,,
2001-05-17,CRUDE_OIL_commodity,commodity,,28.91,,29.02,28.62,28.75,45148.0,,,,,,,0.0017309763,,,,,,,,,,,,,,,,,,,0.019106615,,,,,
2001-05-18,CRUDE_OIL_commodity,commodity,,29.91,,29.99,28.92,29.15,44887.0,,,,,,,0.034005318,,,,,,,,,,,,,,,,,,,0.020156916,,,,,
2001-05-21,CRUDE_OIL_commodity,commodity,,29.98,,30.2,29.61,30.15,41589.0,,,,,,,0.0023376099,,,,,,,,,,,,,,,,,,,0.0200907,,,,,
2001-05-22,CRUDE_OIL_commodity,commodity,,29.74,,30.05,29.58,30.05,65740.0,,,,,,,-0.008037544,,,,,,,,,,,,,,,,,,,0.019585477,,,,,
2001-05-23,CRUDE_OIL_commodity,commodity,,29.58,,30.05,29.55,29.7,4175.0,,,,,,,-0.005394479,,,,,,,,,,,,,,,,,,,0.019594528,,,,,
2001-05-24,CRUDE_OIL_commodity,commodity,,28.41,,29.67,28.2,29.6,4380.0,,,,,,,-0.040357266,,,,,,,,,,,,,,,,,,,0.020708824,,,,,
2001-05-25,CRUDE_OIL_commodity,commodity,,28.38,,28.58,28.1,28.41,50983.0,,,,,,,-0.0010565483,,,,,,,,,,,,,,,,,,,0.020503411,,,,,
2001-05-29,CRUDE_OIL_commodity,commodity,,28.66,,29.05,28.35,28.7,58861.0,,,,,,,0.009817775,,,,,,,,,,,,,,,,,,,0.018629044,,,,,
2001-05-30,CRUDE_OIL_commodity,commodity,,28.55,,28.95,28.43,28.75,65023.0,,,,,,,-0.0038455077,,,,,,,,,,,,,,,,,,,0.018599786,,,,,
2001-05-31,CRUDE_OIL_commodity,commodity,,28.37,,28.72,27.55,28.05,101694.0,,,,,,,-0.006324631,,,,,,,,,,,,,,,,,,,0.018598624,,,,,
2001-06-01,CRUDE_OIL_commodity,commodity,,27.93,,28.6,27.58,28.25,75150.0,,,,,,,-0.015630888,,,,,,,,,,,,,,,,,,,0.018480074,,,,,
2001-06-04,CRUDE_OIL_commodity,commodity,,28.13,,28.74,28.04,28.55,74230.0,,,,,,,0.0071352017,,,,,,,,,,,,,,,,,,,0.016415121,,,,,
2001-06-05,CRUDE_OIL_commodity,commodity,,28.24,,28.33,27.8,28.2,60554.0,,,,,,,0.0039028118,,,,,,,,,,,,,,,,,,,0.015650153,,,,,
2001-06-06,CRUDE_OIL_commodity,commodity,,27.72,,28.37,27.25,27.6,100545.0,,,,,,,-0.018585255,,,,,,,,,,,,,,,,,,,0.016121058,,,,,
2001-06-07,CRUDE_OIL_commodity,commodity,,27.75,,28.1,27.41,27.52,59703.0,,,,,,,0.0010816907,,,,,,,,,,,,,,,,,,,0.0154927075,,,,,
2001-06-08,CRUDE_OIL_commodity,commodity,,28.4,,28.39,27.8,28.03,47763.0,,,,,,,0.023153292,,,,,,,,,,,,,,,,,,,0.01592715,,,,,
2001-06-11,CRUDE_OIL_commodity,commodity,,29.04,,29.34,28.4,28.75,85621.0,,,,,,,0.022285089,,,,,,,,,,,,,,,,,,,0.01532898,,,,,
2001-06-12,CRUDE_OIL_commodity,commodity,,29.18,,29.38,28.75,28.88,62998.0,,,,,,,0.004809332,,,,,,,,,,,,,,,,,,,0.015221833,,,,,
2001-06-13,CRUDE_OIL_commodity,commodity,,28.84,,29.63,28.81,29.5,78197.0,,,,,,,-0.011720235,,,,,,,,,,,,,,,,,,,0.015463005,,,,,
2001-06-14,CRUDE_OIL_commodity,commodity,,29.04,,29.28,28.6,28.84,62964.0,,,,,,,0.006910904,,,,,,,,,,,,,,,,,,,0.015486444,,,,,
2001-06-15,CRUDE_OIL_commodity,commodity,,28.51,,29.11,28.44,29.05,58361.0,,,,,,,-0.01841931,,,,,,,,,,,,,,,,,,,0.015859302,,,,,
2001-06-18,CRUDE_OIL_commodity,commodity,,27.55,,28.54,27.42,28.3,50059.0,,,,,,,-0.0342524,,,,,,,,,,,,,,,,,,,0.01739176,,,,,
2001-06-19,CRUDE_OIL_commodity,commodity,,27.48,,27.82,27.3,27.6,57940.0,,,,,,,-0.0025440573,,,,,,,,,,,,,,,,,,,0.017370652,,,,,
2001-06-20,CRUDE_OIL_commodity,commodity,,26.5,,27.6,26.0,27.45,123727.0,,,,,,,-0.036313716,,,,,,,,,,,,,,,,,,,0.016832225,,,,,
2001-06-21,CRUDE_OIL_commodity,commodity,,26.56,,26.77,25.85,26.55,102254.0,,,,,,,0.0022615716,,,,,,,,,,,,,,,,,,,0.016830547,,,,,
2001-06-22,CRUDE_OIL_commodity,commodity,,26.83,,27.1,26.42,26.9,73342.0,,,,,,,0.010114357,,,,,,,,,,,,,,,,,,,0.017142555,,,,,
2001-06-25,CRUDE_OIL_commodity,commodity,,27.25,,27.32,26.78,26.95,57677.0,,,,,,,0.01553286,,,,,,,,,,,,,,,,,,,0.01767346,,,,,
2001-06-26,CRUDE_OIL_commodity,commodity,,26.98,,27.49,26.82,27.15,63048.0,,,,,,,-0.009957687,,,,,,,,,,,,,,,,,,,0.015757924,,,,,
2001-06-27,CRUDE_OIL_commodity,commodity,,25.61,,26.97,25.2,26.35,109855.0,,,,,,,-0.05211291,,,,,,,,,,,,,,,,,,,0.018987458,,,,,
2001-06-28,CRUDE_OIL_commodity,commodity,,25.56,,25.75,25.1,25.35,89642.0,,,,,,,-0.0019543155,,,,,,,,,,,,,,,,,,,0.018723827,,,,,
2001-06-29,CRUDE_OIL_commodity,commodity,,26.25,,26.4,25.64,25.67,86303.0,,,,,,,0.026637381,,,,,,,,,,,,,,,,,,,0.019918846,,,,,
2001-07-02,CRUDE_OIL_commodity,commodity,,25.95,,26.7,25.38,26.45,8479.0,,,,,,,-0.01149435,,,,,,,,,,,,,,,,,,,0.019980228,,,,,
2001-07-03,CRUDE_OIL_commodity,commodity,,26.24,,26.3,25.65,25.8,53665.0,,,,,,,0.011113317,,,,,,,,,,,,,,,,,,,0.020055689,,,,,
2001-07-05,CRUDE_OIL_commodity,commodity,,27.02,,27.05,26.34,26.55,70236.0,,,,,,,0.029292393,,,,,,,,,,,,,,,,,,,0.021109,,,,,
2001-07-06,CRUDE_OIL_commodity,commodity,,28.21,,28.29,27.0,27.37,97108.0,,,,,,,0.043099143,,,,,,,,,,,,,,,,,,,0.023169471,,,,,
2001-07-09,CRUDE_OIL_commodity,commodity,,27.59,,28.26,27.5,27.85,91890.0,,,,,,,-0.022223098,,,,,,,,,,,,,,,,,,,0.023320556,,,,,
2001-07-10,CRUDE_OIL_commodity,commodity,,27.49,,27.69,27.2,27.55,67953.0,,,,,,,-0.0036310998,,,,,,,,,,,,,,,,,,,0.023329733,,,,,
2001-07-11,CRUDE_OIL_commodity,commodity,,27.11,,27.59,26.92,27.2,78818.0,,,,,,,-0.013919608,,,,,,,,,,,,,,,,,,,0.0228799,,,,,
2001-07-12,CRUDE_OIL_commodity,commodity,,26.8,,27.1,25.94,26.5,80397.0,,,,,,,-0.011500827,,,,,,,,,,,,,,,,,,,0.022290574,,,,,
2001-07-13,CRUDE_OIL_commodity,commodity,,26.59,,26.98,26.22,26.7,70344.0,,,,,,,-0.007866648,,,,,,,,,,,,,,,,,,,0.022225266,,,,,
2001-07-16,CRUDE_OIL_commodity,commodity,,26.06,,26.58,25.72,26.3,73134.0,,,,,,,-0.02013366,,,,,,,,,,,,,,,,,,,0.022431804,,,,,
2001-07-17,CRUDE_OIL_commodity,commodity,,25.57,,26.32,25.53,26.21,78904.0,,,,,,,-0.018981773,,,,,,,,,,,,,,,,,,,0.022477906,,,,,
2001-07-18,CRUDE_OIL_commodity,commodity,,24.89,,25.6,24.7,25.0,57541.0,,,,,,,-0.026953686,,,,,,,,,,,,,,,,,,,0.022777988,,,,,
2001-07-19,CRUDE_OIL_commodity,commodity,,24.7,,25.8,24.54,25.4,58286.0,,,,,,,-0.0076628174,,,,,,,,,,,,,,,,,,,0.021905815,,,,,
2001-07-20,CRUDE_OIL_commodity,commodity,,25.59,,25.95,24.7,25.2,95323.0,,,,,,,0.035398383,,,,,,,,,,,,,,,,,,,0.023538174,,,,,
2001-07-23,CRUDE_OIL_commodity,commodity,,26.12,,26.6,25.87,26.3,53982.0,,,,,,,0.02049968,,,,,,,,,,,,,,,,,,,0.022842966,,,,,
2001-07-24,CRUDE_OIL_commodity,commodity,,26.31,,26.44,26.01,26.18,55610.0,,,,,,,0.007247738,,,,,,,,,,,,,,,,,,,0.022897966,,,,,
2001-07-25,CRUDE_OIL_commodity,commodity,,26.84,,26.97,26.19,26.53,77274.0,,,,,,,0.019944243,,,,,,,,,,,,,,,,,,,0.023207333,,,,,
2001-07-26,CRUDE_OIL_commodity,commodity,,26.73,,27.04,26.65,26.7,59381.0,,,,,,,-0.0041068047,,,,,,,,,,,,,,,,,,,0.022958467,,,,,
2001-07-27,CRUDE_OIL_commodity,commodity,,27.02,,27.15,26.25,26.45,78320.0,,,,,,,0.010790836,,,,,,,,,,,,,,,,,,,0.022993762,,,,,
2001-07-30,CRUDE_OIL_commodity,commodity,,26.63,,26.98,26.55,26.95,41537.0,,,,,,,-0.014538981,,,,,,,,,,,,,,,,,,,0.020153422,,,,,
2001-07-31,CRUDE_OIL_commodity,commodity,,26.35,,26.85,26.31,26.5,52462.0,,,,,,,-0.010570079,,,,,,,,,,,,,,,,,,,0.020312432,,,,,
2001-08-01,CRUDE_OIL_commodity,commodity,,26.77,,26.85,26.33,26.65,72772.0,,,,,,,0.015813585,,,,,,,,,,,,,,,,,,,0.01979615,,,,,
2001-08-02,CRUDE_OIL_commodity,commodity,,27.71,,27.9,27.35,27.5,82555.0,,,,,,,0.03451145,,,,,,,,,,,,,,,,,,,0.020828452,,,,,
2001-08-03,CRUDE_OIL_commodity,commodity,,27.62,,27.8,27.4,27.55,53006.0,,,,,,,-0.0032531475,,,,,,,,,,,,,,,,,,,0.020786572,,,,,
2001-08-06,CRUDE_OIL_commodity,commodity,,27.74,,27.79,27.38,27.6,37371.0,,,,,,,0.0043352284,,,,,,,,,,,,,,,,,,,0.019907452,,,,,
2001-08-07,CRUDE_OIL_commodity,commodity,,27.94,,28.4,27.9,28.4,68661.0,,,,,,,0.007183966,,,,,,,,,,,,,,,,,,,0.01765239,,,,,
2001-08-08,CRUDE_OIL_commodity,commodity,,27.54,,28.24,27.5,28.15,65167.0,,,,,,,-0.014419846,,,,,,,,,,,,,,,,,,,0.017268008,,,,,
2001-08-09,CRUDE_OIL_commodity,commodity,,27.64,,27.72,27.38,27.45,50368.0,,,,,,,0.0036244502,,,,,,,,,,,,,,,,,,,0.01726629,,,,,
2001-08-10,CRUDE_OIL_commodity,commodity,,28.05,,28.42,27.72,27.78,70358.0,,,,,,,0.014724628,,,,,,,,,,,,,,,,,,,0.017227076,,,,,
2001-08-13,CRUDE_OIL_commodity,commodity,,27.82,,28.25,27.7,28.17,52473.0,,,,,,,-0.008233429,,,,,,,,,,,,,,,,,,,0.01712298,,,,,
2001-08-14,CRUDE_OIL_commodity,commodity,,28.01,,28.05,27.7,27.82,48980.0,,,,,,,0.006806422,,,,,,,,,,,,,,,,,,,0.017018136,,,,,
2001-08-15,CRUDE_OIL_commodity,commodity,,27.56,,28.25,27.42,28.2,79697.0,,,,,,,-0.01619617,,,,,,,,,,,,,,,,,,,0.016789423,,,,,
2001-08-16,CRUDE_OIL_commodity,commodity,,27.45,,27.6,27.15,27.57,70918.0,,,,,,,-0.003999231,,,,,,,,,,,,,,,,,,,0.016167039,,,,,
2001-08-17,CRUDE_OIL_commodity,commodity,,26.63,,27.4,26.55,27.33,61936.0,,,,,,,-0.030327827,,,,,,,,,,,,,,,,,,,0.016479941,,,,,
2001-08-20,CRUDE_OIL_commodity,commodity,,27.18,,27.25,26.35,26.65,53562.0,,,,,,,0.020443052,,,,,,,,,,,,,,,,,,,0.016696163,,,,,
2001-08-21,CRUDE_OIL_commodity,commodity,,27.85,,28.1,27.1,27.1,99270.0,,,,,,,0.02435156,,,,,,,,,,,,,,,,,,,0.01586324,,,,,
2001-08-22,CRUDE_OIL_commodity,commodity,,26.37,,27.25,26.35,27.12,93777.0,,,,,,,-0.05460595,,,,,,,,,,,,,,,,,,,0.019721277,,,,,
2001-08-23,CRUDE_OIL_commodity,commodity,,26.63,,26.72,26.28,26.55,59594.0,,,,,,,0.009811336,,,,,,,,,,,,,,,,,,,0.019770972,,,,,
2001-08-24,CRUDE_OIL_commodity,commodity,,26.9,,27.15,26.63,26.7,79958.0,,,,,,,0.0100879045,,,,,,,,,,,,,,,,,,,0.019419096,,,,,
2001-08-27,CRUDE_OIL_commodity,commodity,,26.67,,27.07,26.44,27.05,58962.0,,,,,,,-0.008586931,,,,,,,,,,,,,,,,,,,0.019488696,,,,,
2001-08-28,CRUDE_OIL_commodity,commodity,,27.17,,27.38,26.51,26.65,71885.0,,,,,,,0.018574085,,,,,,,,,,,,,,,,,,,0.019764548,,,,,
2001-08-29,CRUDE_OIL_commodity,commodity,,27.05,,27.6,26.77,27.35,81961.0,,,,,,,-0.004426449,,,,,,,,,,,,,,,,,,,0.01952027,,,,,
2001-08-30,CRUDE_OIL_commodity,commodity,,26.55,,27.02,26.52,26.85,3185.0,,,,,,,-0.018657258,,,,,,,,,,,,,,,,,,,0.019816728,,,,,
2001-08-31,CRUDE_OIL_commodity,commodity,,27.2,,27.25,26.62,26.7,47548.0,,,,,,,0.024187282,,,,,,,,,,,,,,,,,,,0.020204632,,,,,
2001-09-04,CRUDE_OIL_commodity,commodity,,26.93,,27.14,26.76,27.05,55640.0,,,,,,,-0.009976083,,,,,,,,,,,,,,,,,,,0.018842375,,,,,
2001-09-05,CRUDE_OIL_commodity,commodity,,26.95,,27.23,26.76,26.83,60595.0,,,,,,,0.0007424075,,,,,,,,,,,,,,,,,,,0.018841887,,,,,
2001-09-06,CRUDE_OIL_commodity,commodity,,27.58,,27.65,27.05,27.15,87936.0,,,,,,,0.023107544,,,,,,,,,,,,,,,,,,,0.019513616,,,,,
2001-09-07,CRUDE_OIL_commodity,commodity,,28.03,,28.15,27.43,27.6,98291.0,,,,,,,0.01618452,,,,,,,,,,,,,,,,,,,0.01976985,,,,,
2001-09-10,CRUDE_OIL_commodity,commodity,,27.63,,28.0,27.57,27.75,0.0,,,,,,,-0.014373281,,,,,,,,,,,,,,,,,,,0.019768218,,,,,
2001-09-14,CRUDE_OIL_commodity,commodity,,29.53,,29.98,29.45,29.98,0.0,,,,,,,0.06650461,,,,,,,,,,,,,,,,,,,0.024317134,,,,,
2001-09-17,CRUDE_OIL_commodity,commodity,,28.81,,29.25,28.3,27.0,101804.0,,,,,,,-0.024684189,,,,,,,,,,,,,,,,,,,0.024858313,,,,,
2001-09-18,CRUDE_OIL_commodity,commodity,,27.7,,28.8,27.6,28.0,69950.0,,,,,,,-0.03929009,,,,,,,,,,,,,,,,,,,0.0262626,,,,,
2001-09-19,CRUDE_OIL_commodity,commodity,,26.72,,27.5,25.8,27.32,6135.0,,,,,,,-0.03602012,,,,,,,,,,,,,,,,,,,0.027286079,,,,,
2001-09-20,CRUDE_OIL_commodity,commodity,,26.59,,27.0,25.9,26.7,27931.0,,,,,,,-0.004877112,,,,,,,,,,,,,,,,,,,0.027114654,,,,,
2001-09-21,CRUDE_OIL_commodity,commodity,,25.97,,26.8,25.9,26.45,97581.0,,,,,,,-0.023593212,,,,,,,,,,,,,,,,,,,0.027515074,,,,,
2001-09-24,CRUDE_OIL_commodity,commodity,,22.01,,24.0,21.8,23.9,108959.0,,,,,,,-0.16544509,,,,,,,,,,,,,,,,,,,0.04409963,,,,,
2001-09-25,CRUDE_OIL_commodity,commodity,,21.81,,23.15,21.25,22.95,90612.0,,,,,,,-0.00912835,,,,,,,,,,,,,,,,,,,0.043618336,,,,,
2001-09-26,CRUDE_OIL_commodity,commodity,,22.38,,22.5,20.3,21.4,3731.0,,,,,,,0.02579911,,,,,,,,,,,,,,,,,,,0.04367369,,,,,
2001-09-27,CRUDE_OIL_commodity,commodity,,22.74,,22.94,21.95,22.3,56833.0,,,,,,,0.015957814,,,,,,,,,,,,,,,,,,,0.04281991,,,,,
2001-09-28,CRUDE_OIL_commodity,commodity,,23.43,,23.49,23.0,23.15,60080.0,,,,,,,0.029891787,,,,,,,,,,,,,,,,,,,0.043399435,,,,,
2001-10-01,CRUDE_OIL_commodity,commodity,,23.28,,23.4,22.4,22.8,50970.0,,,,,,,-0.0064226133,,,,,,,,,,,,,,,,,,,0.043253772,,,,,
2001-10-02,CRUDE_OIL_commodity,commodity,,22.79,,23.34,22.75,23.0,42332.0,,,,,,,-0.02127277,,,,,,,,,,,,,,,,,,,0.04336636,,,,,
2001-10-03,CRUDE_OIL_commodity,commodity,,22.08,,22.4,21.72,22.1,60413.0,,,,,,,-0.031649664,,,,,,,,,,,,,,,,,,,0.043269746,,,,,
2001-10-04,CRUDE_OIL_commodity,commodity,,22.63,,22.9,22.08,22.65,56132.0,,,,,,,0.024604205,,,,,,,,,,,,,,,,,,,0.043868106,,,,,
2001-10-05,CRUDE_OIL_commodity,commodity,,22.39,,23.1,22.3,23.05,57970.0,,,,,,,-0.010662019,,,,,,,,,,,,,,,,,,,0.04380964,,,,,
2001-10-08,CRUDE_OIL_commodity,commodity,,22.45,,22.7,21.95,22.3,51267.0,,,,,,,0.0026762448,,,,,,,,,,,,,,,,,,,0.043300077,,,,,
2001-10-09,CRUDE_OIL_commodity,commodity,,22.48,,22.62,22.26,22.5,46246.0,,,,,,,0.0013353565,,,,,,,,,,,,,,,,,,,0.043351628,,,,,
2001-10-10,CRUDE_OIL_commodity,commodity,,22.53,,22.92,22.43,22.75,49156.0,,,,,,,0.0022217804,,,,,,,,,,,,,,,,,,,0.04336732,,,,,
2001-10-11,CRUDE_OIL_commodity,commodity,,23.34,,23.4,22.25,22.75,63486.0,,,,,,,0.03532085,,,,,,,,,,,,,,,,,,,0.043861758,,,,,
2001-10-12,CRUDE_OIL_commodity,commodity,,22.5,,23.98,22.06,23.65,93048.0,,,,,,,-0.036653325,,,,,,,,,,,,,,,,,,,0.04394464,,,,,
2001-10-15,CRUDE_OIL_commodity,commodity,,22.29,,22.69,22.12,22.6,51155.0,,,,,,,-0.009377121,,,,,,,,,,,,,,,,,,,0.04393381,,,,,
2001-10-16,CRUDE_OIL_commodity,commodity,,22.0,,22.6,21.95,22.15,46494.0,,,,,,,-0.013095736,,,,,,,,,,,,,,,,,,,0.04049708,,,,,
2001-10-17,CRUDE_OIL_commodity,commodity,,21.81,,22.3,21.55,22.18,56738.0,,,,,,,-0.008673898,,,,,,,,,,,,,,,,,,,0.040428065,,,,,
2001-10-18,CRUDE_OIL_commodity,commodity,,21.31,,21.87,21.05,21.4,51313.0,,,,,,,-0.023192134,,,,,,,,,,,,,,,,,,,0.04006705,,,,,
2001-10-19,CRUDE_OIL_commodity,commodity,,21.83,,22.25,21.18,21.55,64820.0,,,,,,,0.024108745,,,,,,,,,,,,,,,,,,,0.040394332,,,,,
2001-10-22,CRUDE_OIL_commodity,commodity,,21.76,,22.1,21.52,21.8,64751.0,,,,,,,-0.0032117346,,,,,,,,,,,,,,,,,,,0.040404353,,,,,
2001-10-23,CRUDE_OIL_commodity,commodity,,21.85,,22.55,21.82,22.4,64155.0,,,,,,,0.0041275066,,,,,,,,,,,,,,,,,,,0.040363465,,,,,
2001-10-24,CRUDE_OIL_commodity,commodity,,22.33,,22.45,21.41,21.7,83793.0,,,,,,,0.021730123,,,,,,,,,,,,,,,,,,,0.020307612,,,,,
2001-10-25,CRUDE_OIL_commodity,commodity,,22.01,,22.6,21.99,22.29,59013.0,,,,,,,-0.014434157,,,,,,,,,,,,,,,,,,,0.020460278,,,,,
2001-10-26,CRUDE_OIL_commodity,commodity,,22.05,,22.25,21.85,22.0,53171.0,,,,,,,0.0018156613,,,,,,,,,,,,,,,,,,,0.019666918,,,,,
2001-10-29,CRUDE_OIL_commodity,commodity,,22.15,,22.55,21.93,22.5,60312.0,,,,,,,0.0045249118,,,,,,,,,,,,,,,,,,,0.019355057,,,,,
2001-10-30,CRUDE_OIL_commodity,commodity,,21.87,,22.2,21.85,22.18,56500.0,,,,,,,-0.0127216065,,,,,,,,,,,,,,,,,,,0.018193306,,,,,
2001-10-31,CRUDE_OIL_commodity,commodity,,21.18,,21.87,20.8,21.6,96594.0,,,,,,,-0.03205852,,,,,,,,,,,,,,,,,,,0.01920686,,,,,
2001-11-01,CRUDE_OIL_commodity,commodity,,20.39,,21.45,20.35,21.18,82000.0,,,,,,,-0.0380128,,,,,,,,,,,,,,,,,,,0.020216458,,,,,
2001-11-02,CRUDE_OIL_commodity,commodity,,20.18,,20.25,19.69,20.2,11566.0,,,,,,,-0.010352525,,,,,,,,,,,,,,,,,,,0.019374885,,,,,
2001-11-05,CRUDE_OIL_commodity,commodity,,20.02,,20.45,19.76,20.34,54896.0,,,,,,,-0.007960233,,,,,,,,,,,,,,,,,,,0.018291982,,,,,
2001-11-06,CRUDE_OIL_commodity,commodity,,19.92,,20.07,19.56,19.81,63123.0,,,,,,,-0.005007541,,,,,,,,,,,,,,,,,,,0.018256722,,,,,
2001-11-07,CRUDE_OIL_commodity,commodity,,20.09,,20.35,19.9,20.1,61742.0,,,,,,,0.00849793,,,,,,,,,,,,,,,,,,,0.018419504,,,,,
2001-11-08,CRUDE_OIL_commodity,commodity,,21.17,,21.29,20.55,20.68,88967.0,,,,,,,0.052362904,,,,,,,,,,,,,,,,,,,0.022105599,,,,,
2001-11-09,CRUDE_OIL_commodity,commodity,,22.22,,22.4,21.1,22.05,92707.0,,,,,,,0.048407666,,,,,,,,,,,,,,,,,,,0.024645397,,,,,
2001-11-12,CRUDE_OIL_commodity,commodity,,21.23,,21.78,20.7,21.45,86546.0,,,,,,,-0.0455775,,,,,,,,,,,,,,,,,,,0.025057724,,,,,
2001-11-13,CRUDE_OIL_commodity,commodity,,21.67,,21.97,21.4,21.45,89422.0,,,,,,,0.020513564,,,,,,,,,,,,,,,,,,,0.024501607,,,,,
2001-11-14,CRUDE_OIL_commodity,commodity,,19.74,,21.6,19.55,20.0,126797.0,,,,,,,-0.0932818,,,,,,,,,,,,,,,,,,,0.031330626,,,,,
2001-11-15,CRUDE_OIL_commodity,commodity,,17.45,,19.15,17.15,19.1,86459.0,,,,,,,-0.12330733,,,,,,,,,,,,,,,,,,,0.0401649,,,,,
2001-11-16,CRUDE_OIL_commodity,commodity,,18.03,,18.2,17.3,17.55,66721.0,,,,,,,0.032697383,,,,,,,,,,,,,,,,,,,0.041210912,,,,,
2001-11-19,CRUDE_OIL_commodity,commodity,,17.72,,18.3,16.7,17.15,87935.0,,,,,,,-0.01734317,,,,,,,,,,,,,,,,,,,0.04113143,,,,,
2001-11-20,CRUDE_OIL_commodity,commodity,,19.15,,19.43,18.75,19.3,77042.0,,,,,,,0.07760879,,,,,,,,,,,,,,,,,,,0.044580974,,,,,
2001-11-21,CRUDE_OIL_commodity,commodity,,18.96,,19.45,18.8,19.4,68382.0,,,,,,,-0.009971247,,,,,,,,,,,,,,,,,,,0.04458447,,,,,
2001-11-26,CRUDE_OIL_commodity,commodity,,18.69,,18.95,17.67,18.8,53657.0,,,,,,,-0.014342799,,,,,,,,,,,,,,,,,,,0.044553425,,,,,
2001-11-27,CRUDE_OIL_commodity,commodity,,19.48,,19.8,18.55,18.68,88162.0,,,,,,,0.041399624,,,,,,,,,,,,,,,,,,,0.045349773,,,,,
2001-11-28,CRUDE_OIL_commodity,commodity,,19.22,,19.65,18.96,19.15,91757.0,,,,,,,-0.013436907,,,,,,,,,,,,,,,,,,,0.045341652,,,,,
2001-11-29,CRUDE_OIL_commodity,commodity,,18.62,,19.27,18.51,19.2,61745.0,,,,,,,-0.03171505,,,,,,,,,,,,,,,,,,,0.04562343,,,,,
2001-11-30,CRUDE_OIL_commodity,commodity,,19.44,,19.55,18.4,18.65,71678.0,,,,,,,0.04309651,,,,,,,,,,,,,,,,,,,0.046839908,,,,,
2001-12-03,CRUDE_OIL_commodity,commodity,,20.09,,20.5,19.38,19.4,80890.0,,,,,,,0.03288936,,,,,,,,,,,,,,,,,,,0.047529418,,,,,
2001-12-04,CRUDE_OIL_commodity,commodity,,19.65,,20.4,19.62,20.2,76991.0,,,,,,,-0.022144867,,,,,,,,,,,,,,,,,,,0.04729575,,,,,
2001-12-05,CRUDE_OIL_commodity,commodity,,19.49,,20.3,19.3,20.23,72548.0,,,,,,,-0.008175817,,,,,,,,,,,,,,,,,,,0.04667998,,,,,
2001-12-06,CRUDE_OIL_commodity,commodity,,18.54,,19.55,18.2,19.5,80176.0,,,,,,,-0.04997089,,,,,,,,,,,,,,,,,,,0.047767,,,,,
2001-12-07,CRUDE_OIL_commodity,commodity,,19.04,,19.09,17.92,18.55,73257.0,,,,,,,0.026611468,,,,,,,,,,,,,,,,,,,0.048192218,,,,,
2001-12-10,CRUDE_OIL_commodity,commodity,,18.37,,18.8,18.15,18.68,61037.0,,,,,,,-0.035823133,,,,,,,,,,,,,,,,,,,0.048720162,,,,,
2001-12-11,CRUDE_OIL_commodity,commodity,,18.08,,18.4,17.92,18.05,66894.0,,,,,,,-0.015912594,,,,,,,,,,,,,,,,,,,0.048707526,,,,,
2001-12-12,CRUDE_OIL_commodity,commodity,,18.36,,18.85,18.3,18.45,80615.0,,,,,,,0.015368068,,,,,,,,,,,,,,,,,,,0.047257375,,,,,
2001-12-13,CRUDE_OIL_commodity,commodity,,18.12,,18.55,17.8,18.0,80705.0,,,,,,,-0.013158072,,,,,,,,,,,,,,,,,,,0.04564821,,,,,
2001-12-14,CRUDE_OIL_commodity,commodity,,19.29,,19.25,18.29,18.7,69865.0,,,,,,,0.06257053,,,,,,,,,,,,,,,,,,,0.047343973,,,,,
2001-12-17,CRUDE_OIL_commodity,commodity,,19.22,,19.58,19.1,19.2,62709.0,,,,,,,-0.0036355066,,,,,,,,,,,,,,,,,,,0.047018748,,,,,
2001-12-18,CRUDE_OIL_commodity,commodity,,19.36,,19.5,19.07,19.25,71584.0,,,,,,,0.0072577456,,,,,,,,,,,,,,,,,,,0.04276977,,,,,
2001-12-19,CRUDE_OIL_commodity,commodity,,19.8,,20.18,19.75,19.85,70955.0,,,,,,,0.022472786,,,,,,,,,,,,,,,,,,,0.033098884,,,,,
2001-12-20,CRUDE_OIL_commodity,commodity,,19.28,,20.15,19.17,19.9,67602.0,,,,,,,-0.026613574,,,,,,,,,,,,,,,,,,,0.03321413,,,,,
2001-12-21,CRUDE_OIL_commodity,commodity,,19.62,,19.75,19.25,19.43,46791.0,,,,,,,0.017481172,,,,,,,,,,,,,,,,,,,0.033025403,,,,,
2001-12-26,CRUDE_OIL_commodity,commodity,,21.27,,21.43,19.7,19.8,61256.0,,,,,,,0.080748156,,,,,,,,,,,,,,,,,,,0.033360828,,,,,
1999-01-04,AA,equity,28.3782,69.0246,USA,71.1305,68.966,69.785,1.008133e+06,,,,,True,,,,,,,,,,,1.0,2.8609e+07,28.3782,0.0,,,,0.020135468,,,,,,,,
1999-01-05,AA,equity,28.9554,70.4285,USA,71.5984,69.8436,69.9604,928800.0,0.021679014,,,,True,,0.020135468,0.020135468,,,,,,,,1.0,2.7751388e+07,28.6668,0.0,,,,0.03909398,,,,,,,,
1999-01-06,AA,equity,30.1098,73.2362,USA,73.9382,70.1944,70.1944,1.539067e+06,0.025401091,,,,True,,0.03909398,0.03909398,,,,,,,,1.0,2.8609e+07,28.9554,0.0,,,,-0.012862256,,,,,,,,
1999-01-07,AA,equity,29.725,72.3002,USA,73.0022,71.3644,72.1248,1.710667e+06,0.0075188545,,,,True,,-0.012862256,-0.012862256,,,,,,,,0.9872201,3.7475e+07,29.3402,0.0,,,,0.09707326,,,,,,,,
1999-01-08,AA,equity,32.7552,79.6708,USA,79.7292,77.4478,77.5649,4.667867e+06,0.020796062,,,,True,,0.09707326,0.09707326,,,,,,,,1.0,4.6341e+07,29.725,0.0,,,,0.035344005,,,,,,,,
1999-01-11,AA,equity,33.9336,82.537,USA,84.3503,78.9688,79.6708,3.780933e+06,0.0093479585,,,,True,,0.035344005,0.035344005,,,0.17878444,0.17878444,,,,1.0,4.859529e+07,29.9174,0.0,,,,-0.033876628,,,,,,,,
1999-01-12,AA,equity,32.8033,79.7876,USA,81.484,79.6122,80.8991,3.314133e+06,0.010221867,,,,True,,-0.033876628,-0.033876628,,,0.124772355,0.124772355,,,,0.9666908,5.0849576e+07,30.1098,0.0,,,,-0.016260926,,,,,,,,
1999-01-13,AA,equity,32.2742,78.5007,USA,80.3727,77.2139,77.9159,3.966e+06,0.004100082,,,,True,,-0.016260926,-0.016260926,,,0.069417454,0.069417454,,,,0.95109856,7.978204e+07,31.192001,0.0,,,,-0.027192803,,,,,,,,
1999-01-14,AA,equity,31.4084,76.395,USA,78.9688,76.3365,78.7347,1.733733e+06,0.01568454,,,,True,,-0.027192803,-0.027192803,,,0.055086903,0.055086903,,,,0.925584,5.445378e+07,31.4084,0.0,,,,0.052938115,,,,,,,,
1999-01-15,AA,equity,33.1159,80.5482,USA,80.6066,75.7516,76.8044,1.683867e+06,0.031438418,,,,True,,0.052938115,0.052938115,,,0.010951762,0.010951762,,,,0.97590286,5.510827e+07,31.841301,0.0,,,,-0.0014535158,,,,,,,,
1999-01-19,AA,equity,33.0678,80.4311,USA,80.5482,77.9159,80.3727,1.251333e+06,0.001161574,,,,True,,-0.0014535158,-0.0014535158,,,-0.025845757,-0.025845757,,,,0.9744854,5.445378e+07,32.2742,0.0,,,,-0.024291795,,0.04135034,,,,,,
1999-01-20,AA,equity,32.2742,78.5007,USA,80.0217,78.3839,80.0217,1.01e+06,0.02405128,,,,True,,-0.024291795,-0.024291795,,,-0.016260926,-0.016260926,,,,0.95109856,5.265168e+07,32.2742,0.0,,,,0.0014892301,,0.043121096,,,,,,
1999-01-21,AA,equity,32.3223,78.6179,USA,80.8991,78.0913,78.1498,1.241467e+06,0.0011995728,,,,True,,0.0014892301,0.0014892301,,,0.0014892301,0.0014892301,,,,0.9525161,5.0849576e+07,32.2742,0.0,,,,-0.033286948,,0.042009834,,,,,,
1999-01-22,AA,equity,31.2641,76.0441,USA,78.0913,75.927,77.7989,1.445067e+06,0.023034882,,,,True,,-0.033286948,-0.033286948,,,-0.0046049133,-0.0046049133,,,,0.9213316,4.859529e+07,32.2742,0.0,,,,0.02281534,,0.043555778,,,,,,
1999-01-25,AA,equity,31.9856,77.7989,USA,78.2084,76.0441,76.0441,1.2744e+06,0.01790281,,,,True,,0.02281534,0.02281534,,,-0.034727685,-0.034727685,,,,0.9425937,4.6341e+07,32.2742,0.0,,,,0.0015026571,,0.03049515,,,,,,
1999-01-26,AA,equity,32.0337,77.9159,USA,78.2668,76.9799,77.7989,838533.0,0.0017920071,,,,True,,0.0015026571,0.0015026571,,,-0.031771515,-0.031771515,,,,0.94401115,4.575986e+07,32.15395,0.0,,,,-0.017416948,,0.027582606,,,,,,
1999-01-27,AA,equity,31.4806,76.5704,USA,77.9159,76.3365,77.6819,1.137867e+06,0.015306666,,,,True,,-0.017416948,-0.017416948,,,-0.024896668,-0.024896668,,,,0.9277117,4.5178716e+07,32.0337,0.0,,,,0.023405217,,0.026173579,,,,,,
1999-01-28,AA,equity,32.2261,78.3839,USA,78.8518,76.1609,76.1609,1.1244e+06,0.02081574,,,,True,,0.023405217,0.023405217,,,-0.0029806814,-0.0029806814,,,,0.9496811,4.3278772e+07,32.129898,0.0,,,,-0.002239873,,0.027117163,,,,,,
1999-01-29,AA,equity,32.154,78.2084,USA,78.5007,77.2724,78.5007,830800.0,0.0026960436,,,,True,,-0.002239873,-0.002239873,,,0.028066393,0.028066393,,,,0.9475563,4.1378828e+07,32.154,0.0,,,,-0.0075077266,,0.025448885,,,,,,
1999-02-01,AA,equity,31.9135,77.6233,USA,78.9688,77.5649,78.2668,1.5048e+06,0.0049891854,,,,True,,-0.0075077266,-0.0075077266,,,-0.002256674,-0.002256674,,,,0.94046897,4.3278772e+07,32.09385,0.0,,,,-0.013657618,,0.018260442,,,0.8361889,,,
1999-02-02,AA,equity,31.4806,76.5704,USA,77.5649,76.2195,76.6875,1.2388e+06,0.011024877,,,,True,,-0.013657618,-0.013657618,0.10375023,0.10375023,-0.017416948,-0.017416948,,,,0.9277117,4.1378828e+07,32.0337,0.0,,,,0.020415625,,0.018499985,,,0.6839941,,,
1999-02-03,AA,equity,32.1299,78.1498,USA,78.1498,76.1609,76.3365,1.534933e+06,0.013300662,,,0.030852588,True,,0.020415625,0.020415625,0.104030386,0.104030386,0.020415625,0.020415625,,,,0.9468462,4.3278772e+07,32.081802,0.0,,,,0.04264749,,0.018699061,,,0.8335534,,,
1999-02-04,AA,equity,33.5298,81.1331,USA,81.1916,77.8573,78.0328,2.266667e+06,0.018815065,,,0.031353854,True,,0.04264749,0.04264749,0.107583895,0.107583895,0.039657895,0.039657895,,,,0.9881003,4.575986e+07,32.141953,0.0,,,,0.0319276,,0.023168394,0.032382116,,1.2070779,,,
1999-02-05,AA,equity,34.6176,83.7654,USA,84.4089,80.3142,80.7236,3.335467e+06,0.009572153,,,0.032485813,True,,0.0319276,0.0319276,0.15237375,0.15237375,0.07382537,0.07382537,,,,1.0,4.7182216e+07,32.19005,0.0,,,,-0.011236367,,0.020652281,0.03269587,,1.7025912,,,
1999-02-08,AA,equity,34.2308,82.8295,USA,83.5315,82.1275,83.0634,2.2256e+06,0.005048691,,,0.030894952,True,,-0.011236367,-0.011236367,0.04406413,0.04406413,0.07009673,0.07009673,,,,0.9888265,4.867034e+07,32.250153,0.0,,,,-0.004244962,,0.02114062,0.03218207,,1.2115802,,,
1999-02-09,AA,equity,34.0858,82.4785,USA,83.5315,82.2446,82.9464,2.091867e+06,0.0020292695,,,0.030569334,True,,-0.004244962,-0.004244962,0.0044751656,0.0044751656,0.079509385,0.079509385,,,,0.9846379,4.867034e+07,32.2742,0.0,,,,-0.017168293,,0.021376971,0.03199562,,1.1936564,,,
1999-02-10,AA,equity,33.5056,81.0745,USA,81.6596,80.6066,81.6011,1.396533e+06,0.01229351,,,0.029839741,True,,-0.017168293,-0.017168293,0.0211835,0.0211835,0.041925468,0.041925468,,,,0.9678776,4.7407556e+07,32.2742,0.0,,,,-0.0028902204,,0.021346558,0.025069546,,0.84300816,,,
1999-02-11,AA,equity,33.4089,80.8406,USA,81.4256,80.7236,81.0745,1.3764e+06,0.0020998404,,,0.027237786,True,,-0.0028902204,-0.0028902204,0.034554206,0.034554206,-0.00361224,-0.00361224,,,,0.96508425,4.6387844e+07,32.2742,0.0,,,,-0.019730145,,0.020602971,0.023874236,,0.9013005,,,
1999-02-12,AA,equity,32.7562,79.2613,USA,81.6011,78.8518,80.9577,1.625333e+06,0.01213914,,,0.027739191,True,,-0.019730145,-0.019730145,0.042016864,0.042016864,-0.055269986,-0.055269986,,,,0.94622964,4.6387844e+07,32.2742,0.0,,,,-0.04606536,,0.021858387,0.023116846,,1.0680988,,,
1999-02-16,AA,equity,31.2815,75.693,USA,78.5593,75.6346,77.6819,1.812e+06,0.025422383,,,0.027641265,True,,-0.04606536,-0.04606536,-0.056986608,-0.056986608,-0.09009898,-0.09009898,,,,0.90362996,4.6387844e+07,32.250153,0.0,,,,-0.02187327,,0.026583567,0.024914606,,1.1857759,,,
1999-02-17,AA,equity,30.6047,74.0552,USA,75.3421,73.8797,74.5231,2.432933e+06,0.008990494,,,0.026991356,True,,-0.02187327,-0.02187327,-0.07740636,-0.07740636,-0.10772728,-0.10772728,,,,0.8840792,4.6387844e+07,32.250153,0.0,,,,0.034926437,,0.027105695,0.024677252,,1.5328523,,,
1999-02-18,AA,equity,31.6925,76.6875,USA,76.8629,74.4061,74.6986,1.1032e+06,0.03165921,,,0.025645066,True,,0.034926437,0.034926437,-0.01818813,-0.01818813,-0.055632554,-0.055632554,,,,0.9155025,4.5581364e+07,32.19005,0.0,,,,0.012885037,,0.028821988,0.023040878,,0.6930287,,,
1999-02-19,AA,equity,32.1035,77.6819,USA,78.3839,76.395,76.4534,827600.0,0.01556916,,,0.025303124,True,,0.012885037,0.012885037,-0.006792323,-0.006792323,-0.039857298,-0.039857298,,,,0.92737514,4.5581364e+07,32.141953,0.0,,,,0.0022557224,,0.025063047,0.023258748,,0.52674454,,,
1999-02-22,AA,equity,32.176,77.8573,USA,78.3839,76.9799,77.0385,857600.0,0.0026302733,,,0.025184728,True,,0.0022557224,0.0022557224,0.028750345,0.028750345,-0.01787143,-0.01787143,,,,0.9294694,4.5581364e+07,32.141953,0.0,,,,-0.005272362,,0.021840626,0.022693342,,0.5562378,,,
1999-02-23,AA,equity,32.0068,77.4478,USA,77.9159,76.8044,77.6233,774933.0,0.006803636,,,0.024232345,True,,-0.005272362,-0.005272362,0.0006626439,0.0006626439,0.022921566,0.022921566,,,,0.92458177,4.5581364e+07,32.1167,0.0,,,,0.0030166395,,0.02180302,0.022716023,,0.51089543,,,
1999-02-24,AA,equity,32.1035,77.6819,USA,78.5007,77.331,77.4478,1.100267e+06,0.002741734,,,0.02363725,True,,0.0030166395,0.0030166395,0.0021766264,0.0021766264,0.047811475,0.047811475,,,,0.92737514,4.3373228e+07,32.1167,0.0,,,,-0.009696936,,0.022014428,0.021502953,,0.71917576,,,
1999-02-25,AA,equity,31.7937,76.9325,USA,77.4478,76.0441,77.2139,1.489333e+06,0.0065109255,,,0.02319309,True,,-0.009696936,-0.009696936,0.00989664,0.00989664,0.0031881004,0.0031881004,,,,0.91842586,4.6387844e+07,32.1167,0.0,,,,-0.014695197,,0.021717746,0.021059632,,0.96242887,,,
1999-02-26,AA,equity,31.3299,37.905,USA,38.724,37.4371,38.724,607267.0,0.024198906,,,0.023975603,True,,-0.014695197,-0.014695197,-0.028203774,-0.028203774,-0.024392134,-0.024392134,,,,0.9050281,4.6387844e+07,32.1167,0.0,,,,0.021375494,,0.02189567,0.021276606,,0.3990933,,,
1999-03-01,AA,equity,32.0068,38.724,USA,38.8994,37.6125,37.905,1.077667e+06,0.019834971,,,0.024573835,True,,0.021375494,0.021375494,-0.0045884084,-0.0045884084,-0.005272362,-0.005272362,,,,0.92458177,4.6387844e+07,32.1167,0.0,,,,-0.043217897,,0.022953216,0.021458795,,0.7025392,,,
1999-03-02,AA,equity,30.653,37.086,USA,39.0165,36.7351,38.8994,876200.0,0.049324237,,,0.025733616,True,,-0.043217897,-0.043217897,-0.04029858,-0.04029858,-0.043217897,-0.043217897,,,,0.88547444,4.6387844e+07,32.1035,0.0,,,,-0.022330105,,0.022360157,0.022770809,,0.58314973,,,
1999-03-03,AA,equity,29.9761,36.2672,USA,37.2031,35.7407,37.2031,1.6788e+06,0.01330123,,,0.026839353,True,,-0.022330105,-0.022330105,-0.048971064,-0.048971064,-0.06856464,-0.06856464,,,,0.86592084,4.707154e+07,32.055153,0.0,,,,0.009631121,,0.022405626,0.02316871,,1.1011919,,,
1999-03-04,AA,equity,30.2662,36.6181,USA,36.6181,34.5708,34.6292,2.5624e+06,0.0037586328,,,0.028638443,True,,0.009631121,0.009631121,-0.05975557,-0.05975557,-0.049236584,-0.049236584,,,,0.8743009,4.707154e+07,32.055153,0.0,,,,0.026793575,,0.018920988,0.023304291,,1.625988,,,
1999-03-05,AA,equity,31.0881,37.6125,USA,38.022,36.7351,38.022,1.217333e+06,0.022010062,,,0.029408058,True,,0.026793575,0.026793575,-0.07560948,-0.07560948,-0.0077478136,-0.0077478136,,,,0.8980432,4.707154e+07,32.055153,0.0,,,,-0.015671529,,0.020770315,0.023961049,,0.7990703,,,
1999-03-08,AA,equity,30.6047,37.0276,USA,37.8466,36.6181,36.6181,851667.0,0.018401004,,,0.02973613,True,,-0.015671529,-0.015671529,-0.12320861,-0.12320861,-0.044794835,-0.044794835,,,,0.8840792,4.6387844e+07,32.0068,0.0,,,,-0.043589994,,0.02101795,0.023689674,,0.6086611,,,
1999-03-09,AA,equity,29.2993,35.4482,USA,36.3841,33.6348,35.7407,3.44e+06,0.012671511,,,0.031399872,True,,-0.043589994,-0.043589994,-0.15556224,-0.15556224,-0.045166932,-0.045166932,,,,0.84637004,4.6387844e+07,31.90025,0.0,,,,0.026057499,,0.024307206,0.023039486,,2.356218,,,
1999-03-10,AA,equity,30.0728,36.3841,USA,36.5011,34.7463,35.3312,1.775667e+06,0.014674767,,,0.031379107,True,,0.026057499,0.026057499,-0.12525979,-0.12525979,0.00322067,0.00322067,,,,0.8687142,4.6387844e+07,31.7431,0.0,,,,0.0032103937,,0.026544847,0.022607688,,1.2295529,,,
1999-03-11,AA,equity,30.1695,36.5011,USA,37.4371,35.7407,36.9106,1.1466e+06,0.0027999247,,,0.032716077,True,,0.0032103937,0.0032103937,-0.10488109,-0.10488109,-0.003200057,-0.003200057,,,,0.8715076,4.1914292e+07,31.5112,0.0,,,,-0.042557452,,0.026687406,0.022670165,,0.8008885,,,
1999-03-12,AA,equity,28.9125,34.9803,USA,36.5011,33.9273,36.5011,2.179133e+06,0.019529535,,,0.03533262,True,,-0.042557452,-0.042557452,-0.14454833,-0.14454833,-0.07255108,-0.07255108,,,,0.83519655,4.1914292e+07,31.3057,0.0,,,,0.009983722,,0.029126765,0.02398331,,1.4805938,,,
1999-03-15,AA,equity,29.2026,35.3312,USA,36.4426,35.0973,35.3312,1.7398e+06,0.005738431,,,0.036452215,True,,0.009983722,0.009983722,-0.11483446,-0.11483446,-0.04689583,-0.04689583,,,,0.8435767,4.1914292e+07,31.184801,0.0,,,,0.0016525888,,0.028051842,0.024159102,,1.1775137,,,
1999-03-16,AA,equity,29.2509,35.3898,USA,35.7991,34.5122,35.5652,1.148067e+06,0.0014394532,,,0.03772254,True,,0.0016525888,0.0016525888,-0.067116514,-0.067116514,-0.0016532474,-0.0016532474,,,,0.84497195,3.6583496e+07,30.87055,0.0,,,,0.03731111,,0.025470247,0.02420853,,0.79488224,,,
1999-03-17,AA,equity,30.3629,36.7351,USA,36.969,35.6821,35.7991,1.317733e+06,0.02831462,,,0.037775163,True,,0.03731111,0.03731111,-0.007932134,-0.007932134,0.009600363,0.009600363,,,,0.8770943,3.6583496e+07,30.628849,0.0,,,,0.03443319,,0.027758606,0.025682384,,0.94899017,,,
1999-03-18,AA,equity,31.4266,38.022,USA,38.2559,36.6767,36.7351,1.100267e+06,0.031295303,,,0.03796673,True,,0.03443319,0.03443319,-0.008425381,-0.008425381,0.04082316,0.04082316,,,,0.9078215,3.514279e+07,30.628849,0.0,,,,0.0421761,,0.029632257,0.025048133,,0.79246163,,,
1999-03-19,AA,equity,32.7804,39.6599,USA,39.6599,38.1975,38.6654,1.105067e+06,0.038166106,,,0.038783357,True,,0.0421761,0.0421761,0.020865684,0.020865684,0.1255567,0.1255567,,,,0.94692874,3.514279e+07,30.87055,0.0,,,,-0.023882324,,0.031312324,0.02606088,,0.7880445,,,
1999-03-22,AA,equity,32.0068,38.724,USA,40.0109,38.6654,39.3089,859400.0,0.027789533,,,0.038861576,True,,-0.023882324,-0.023882324,-0.005272362,-0.005272362,0.09169067,0.09169067,,,,0.92458177,3.4957384e+07,30.87055,0.0,,,,-0.033798397,,0.032022953,0.025656179,,0.6128153,,,
1999-03-23,AA,equity,30.9431,37.4371,USA,38.373,37.086,38.139,858533.0,0.039367616,,,0.039243907,True,,-0.033798397,-0.033798397,-0.033798397,-0.033798397,0.056239683,0.056239683,,,,0.89385456,3.4957384e+07,30.79805,0.0,,,,0.02469331,,0.030503476,0.026495423,,0.6103778,,,
1999-03-24,AA,equity,31.7167,38.373,USA,39.1335,37.4955,37.5541,638533.0,0.03867194,,,0.04036562,True,,0.02469331,0.02469331,-0.012121727,-0.012121727,0.043621883,0.043621883,,,,0.9162016,3.4957384e+07,30.79805,0.0,,,,0.027070148,,0.030404005,0.027079282,,0.4615434,,,
1999-03-25,AA,equity,32.587,39.4258,USA,39.9523,38.2559,38.373,815800.0,0.033182334,,,0.041684426,True,,0.027070148,0.027070148,0.024645356,0.024645356,0.03625884,0.03625884,,,,0.94134206,3.4957384e+07,30.79805,0.0,,,,-0.039340556,,0.031146992,0.02768768,,0.6043873,,,
1999-03-26,AA,equity,31.3299,37.905,USA,38.8409,37.6125,38.8409,1.046067e+06,0.037608065,,,0.04246271,True,,-0.039340556,-0.039340556,0.0,0.0,-0.045257818,-0.045257818,,,,0.9050281,3.4585e+07,30.79805,0.0,,,,0.031892683,,0.03058164,0.028970398,,0.7625859,,,
1999-03-29,AA,equity,32.3452,39.1335,USA,39.4258,37.9635,38.022,734733.0,0.043407176,,,0.0433491,True,,0.031892683,0.031892683,0.010517189,0.010517189,0.010517189,0.010517189,,,,0.9343571,3.4535164e+07,30.79805,0.0,,,,-0.028810969,,0.031507928,0.029730277,,0.5424025,,,
1999-03-30,AA,equity,31.4266,38.022,USA,38.5484,37.2031,38.49,765267.0,0.037648257,,,0.043427493,True,,-0.028810969,-0.028810969,0.02492412,0.02492412,0.015504619,0.015504619,,,,0.9078215,3.4535164e+07,30.79805,0.0,,,,0.013750011,,0.03381651,0.030228347,,0.5672664,,,
1999-03-31,AA,equity,31.8617,38.5484,USA,38.8994,38.139,38.139,1.006333e+06,0.01366348,,,0.042795748,True,,0.013750011,0.013750011,0.061004236,0.061004236,0.00456132,0.00456132,,,,0.92039025,3.407982e+07,30.79805,0.0,,,,-0.007614805,,0.03226886,0.03001623,0.028710917,0.7650279,,,
1999-04-01,AA,equity,31.62,38.2559,USA,38.607,38.022,38.5484,610867.0,0.012465569,,,0.040751867,True,,-0.007614805,-0.007614805,0.04375831,0.04375831,-0.030123632,-0.030123632,,,,0.9134082,3.407982e+07,31.0156,0.0,,,,-0.003062898,,0.030681612,0.028508766,0.028636087,0.50159734,,,
1999-04-05,AA,equity,31.5233,38.139,USA,38.49,37.9635,38.3145,529200.0,0.005787789,,,0.039555345,True,,-0.003062898,-0.003062898,0.013901837,0.013901837,0.0061540236,0.0061540236,,,,0.91061485,3.3177584e+07,31.209,0.0,,,,0.007638075,,0.026984898,0.028036725,0.028211258,0.4471722,,,
1999-04-06,AA,equity,31.765,38.4315,USA,38.5484,37.671,38.139,811133.0,0.00941655,,,0.03798742,True,,0.007638075,0.007638075,0.03721144,0.03721144,-0.018100584,-0.018100584,,0.0954923092950494,,0.9175968,3.2418328e+07,31.37825,0.0,,,,0.06909487,,0.02622297,0.028015077,0.02816753,0.6865804,,,
1999-04-07,AA,equity,34.0374,41.1808,USA,41.2978,38.8994,40.7127,1.6104e+06,0.042905405,,,0.039141227,True,,0.06909487,0.06909487,0.1498963,0.1498963,0.07980525,0.07980525,,0.0569600003794223,,0.9832397,3.2418328e+07,31.4266,0.0,,,,-0.022990134,,0.031478245,0.031068843,0.026747698,1.4775261,,,
1999-04-08,AA,equity,33.2638,40.2448,USA,40.9468,39.8939,40.9468,1.526667e+06,0.015059036,,,0.038825464,True,,-0.022990134,-0.022990134,0.10084867,0.10084867,0.0430651,0.0430651,,-0.0269181824360975,,0.9608928,3.3177584e+07,31.474949,0.0,,,,0.018721,,0.03252055,0.03132894,0.026524123,1.4168866,,,
1999-04-09,AA,equity,33.8924,41.0052,USA,41.1222,40.2448,40.4203,836533.0,0.022379274,,,0.036236197,True,,0.018721,0.018721,0.11635927,0.11635927,0.06940091,0.06940091,,0.0117005650692698,,0.9790511,3.2418328e+07,31.571651,0.0,,,,0.028129157,,0.031987004,0.02961137,0.026264597,0.78771317,,,
1999-04-12,AA,equity,34.8593,42.1752,USA,42.5846,40.8883,41.0052,1.505267e+06,0.018687153,,,0.03584455,True,,0.028129157,0.028129157,0.18704589,0.18704589,0.10059296,0.10059296,,-0.0789401110733389,,1.0,3.2418328e+07,31.66835,0.0,,,,0.03542718,,0.028803675,0.029679345,0.026408004,1.463864,,,
1999-04-13,AA,equity,36.1164,43.696,USA,43.8715,41.2392,42.1167,1.5392e+06,0.023016619,,,0.036548734,True,,0.03542718,0.03542718,0.21248934,0.21248934,0.12838207,0.12838207,,-0.1479684087104813,,1.0,3.2418328e+07,31.740849,0.0,,,,0.13152125,,0.029112995,0.030286845,0.026500728,1.5116081,,,
1999-04-14,AA,equity,41.193,49.8381,USA,50.891,43.4036,43.6376,4.081933e+06,0.032220338,,,0.04044505,True,,0.13152125,0.13152125,0.342358,0.342358,0.19080846,0.19080846,,-0.1097663523579203,,1.0,3.2418328e+07,31.81335,0.0,,,,0.010507094,,0.044707555,0.03812586,0.030659873,3.5039656,,,
1999-04-15,AA,equity,41.6281,50.3645,USA,52.8798,49.3702,49.8381,6.874666e+06,0.0015283788,,,0.04185585,True,,0.010507094,0.010507094,0.315554,0.315554,0.22430569,0.22430569,,-0.0936754475628356,,1.0,3.2418328e+07,31.93425,0.0,,,,-0.02112576,,0.044826444,0.03812203,0.030665092,4.764831,,,
1999-04-16,AA,equity,40.7579,49.3116,USA,49.8381,48.0247,49.6041,4.464e+06,0.0047324733,,,0.0418765,True,,-0.02112576,-0.02112576,0.25999504,0.25999504,0.18445893,0.18445893,,-0.0332872675957017,,0.9790958,3.2418328e+07,32.176003,0.0,,,,0.037255596,,0.04616063,0.03883615,0.030618558,2.7709842,,,
1999-04-19,AA,equity,42.305,51.1835,USA,53.3478,49.7211,49.9551,3.027733e+06,0.012304783,,,0.043465015,True,,0.037255596,0.037255596,0.25507453,0.25507453,0.19358537,0.19358537,,-0.0510117111428068,,1.0,3.2418328e+07,32.466103,0.0,,,,-0.033704307,,0.045149412,0.03883464,0.030917734,1.7735982,,,
1999-04-20,AA,equity,40.9029,49.4871,USA,50.5985,48.8437,50.54,2.4892e+06,0.013540217,,,0.04315333,True,,-0.033704307,-0.033704307,0.24525255,0.24525255,0.12445388,0.12445388,,-0.0086912133263732,,0.9668574,3.2418328e+07,32.6837,0.0,,,,-0.0047395173,,0.049086493,0.039919306,0.030926421,1.3917005,,,
1999-04-21,AA,equity,40.7095,49.2531,USA,50.3645,49.1361,49.7211,1.518467e+06,0.0031212515,,,0.042568106,True,,-0.0047395173,-0.0047395173,0.27431142,0.27431142,-0.011806893,-0.011806893,,-0.0082852194814294,,0.96228576,3.2418328e+07,32.9254,0.0,,,,0.016490819,,0.0472842,0.039480075,0.030854022,0.83358973,,,
1999-04-22,AA,equity,41.3864,50.072,USA,51.4175,49.2531,49.3702,1.285667e+06,0.012826664,,,0.042967934,True,,0.016490819,0.016490819,0.26610893,0.26610893,-0.0058231684,-0.0058231684,,-0.0426702302593726,,0.9782862,4.177796e+07,33.578102,0.0,,,,0.009302725,,0.045087885,0.038769525,0.030893946,0.69347197,,,
1999-04-23,AA,equity,41.7732,50.54,USA,50.9494,49.2531,49.2531,989733.0,0.009399228,,,0.042956397,True,,0.009302725,0.009302725,0.24834152,0.24834152,0.024605317,0.024605317,,0.0144766838594305,,0.9874294,4.6063532e+07,33.964897,0.0,,,,-0.013986651,,0.045258515,0.03742761,0.030768368,0.5313565,,,
1999-04-26,AA,equity,41.193,49.8381,USA,50.4815,49.3702,50.423,763533.0,0.018318333,,,0.04202492,True,,-0.013986651,-0.013986651,0.2736954,0.2736954,-0.026636932,-0.026636932,,0.0188022826453431,,0.9737147,4.6063532e+07,34.44835,0.0,,,,0.039131496,,0.046455454,0.037790455,0.030762061,0.41304952,,,
1999-04-27,AA,equity,42.8369,51.827,USA,52.7044,49.8381,49.8381,1.705867e+06,0.022939358,,,0.042594146,True,,0.039131496,0.039131496,0.28093424,0.28093424,0.04619887,0.04619887,,-0.0219705596061277,,1.0,5.1627652e+07,35.48785,0.0,,,,0.113005,,0.046635836,0.038107432,0.031079764,0.8992051,,,
1999-04-28,AA,equity,47.9618,58.0275,USA,59.2558,52.2363,52.4119,4.368467e+06,0.025868343,,,0.04685708,True,,0.113005,0.113005,0.4227502,0.4227502,0.1639434,0.1639434,,0.0274645088752729,,1.0,5.284084e+07,38.41295,0.0,,,,0.042433783,,0.041692108,0.04190438,0.034026537,2.1030116,,,
1999-04-29,AA,equity,50.0408,60.5427,USA,61.4201,58.0859,58.0859,4.685067e+06,0.0090572415,,,0.04767567,True,,0.042433783,0.042433783,0.451434,0.451434,0.18988635,0.18988635,,-0.0248091266458716,,1.0,5.4011476e+07,40.7337,0.0,,,,-0.03840949,,0.04250613,0.04211429,0.034225196,2.0719566,,,
1999-04-30,AA,equity,48.1552,58.2614,USA,60.8352,57.3255,60.3673,3.0198e+06,0.012719216,,,0.04876143,True,,-0.03840949,-0.03840949,0.42063928,0.42063928,0.14217414,0.14217414,,-0.0090906038668032,,0.9623188,5.5202096e+07,40.8304,0.0,,,,-0.024392178,,0.044592373,0.042688064,0.034694817,1.267957,,,
1999-05-03,AA,equity,46.9948,56.8576,USA,58.9633,56.565,58.2614,1.745333e+06,0.013975659,,,0.04975134,True,,-0.024392178,-0.024392178,0.39931002,0.39931002,0.13176861,0.13176861,,-0.0091967034159072,,0.9391297,5.87032e+07,41.04795,0.0,,,,0.009217977,,0.045679547,0.04369118,0.03459832,0.7145878,,,
1999-05-04,AA,equity,47.43,57.384,USA,58.7293,56.5065,56.6235,2.645e+06,0.0034850575,,,0.050810885,True,,0.009217977,0.009217977,0.4008899,0.4008899,0.10185509,0.10185509,,0.0013563849913429,,0.9478266,6.744504e+07,41.193,0.0,,,,-0.014992689,,0.043001097,0.04337363,0.034429528,1.0437521,,,
1999-05-05,AA,equity,46.7242,56.3311,USA,57.3255,55.9216,57.3255,1.677667e+06,0.00893663,,,0.051311817,True,,-0.014992689,-0.014992689,0.31680235,0.31680235,-0.026142595,-0.026142595,,-0.0113570996149553,,0.93372214,7.573085e+07,41.2897,0.0,,,,0.05750432,,0.04363645,0.04372826,0.03446341,0.6611522,,,
1999-05-06,AA,equity,49.4898,59.6653,USA,59.6653,55.4537,56.2725,1.543733e+06,0.037250172,,,0.053591203,True,,0.05750432,0.05750432,0.39729682,0.39729682,-0.011072059,-0.011072059,,0.0151387383959926,,0.988989,7.739334e+07,41.507248,0.0,,,,0.001958084,,0.04579363,0.044457972,0.035093248,0.60816556,,,
1999-05-07,AA,equity,49.5868,59.7823,USA,60.1332,58.1444,58.8463,1.4652e+06,0.0013363936,,,0.052401055,True,,0.001958084,0.001958084,0.3805339,0.3805339,0.029295513,0.029295513,,-0.0391072151924958,,0.99092746,7.739334e+07,41.700653,0.0,,,,0.018420963,,0.046004917,0.04322578,0.034963876,0.5701663,,,
1999-05-10,AA,equity,50.5087,60.8936,USA,61.8881,59.6653,59.7238,1.973933e+06,0.009332112,,,0.052879445,True,,0.018420963,0.018420963,0.3708257,0.3708257,0.072108656,0.072108656,,-0.0098858860505367,,1.0,8.0204616e+07,42.0391,0.0,,,,0.0,,0.04469075,0.042288218,0.034974765,0.7611929,,,
1999-05-11,AA,equity,50.5087,60.8936,USA,62.6486,60.0162,62.59,1.9682e+06,0.0,,,0.05385007,True,,0.0,0.0,0.33539852,0.33539852,0.06289068,0.06289068,,0.0226926911288016,,1.0,9.07164e+07,42.57095,0.0,,,,-0.03519428,,0.04458023,0.042481706,0.034812625,0.75275564,,,
1999-05-12,AA,equity,48.762,58.7879,USA,60.3673,58.7879,59.9578,1.440533e+06,0.024431432,,,0.053207655,True,,-0.03519428,-0.03519428,0.16868298,0.16868298,0.042689085,0.042689085,,0.0779213534059894,,0.96541786,9.07164e+07,44.78055,0.0,,,,-0.01302075,,0.031696156,0.043894015,0.034557972,0.5802541,,,
1999-05-13,AA,equity,48.1312,58.0275,USA,58.8463,57.8519,58.6124,1.030733e+06,0.012632515,,,0.051170673,True,,-0.01302075,-0.01302075,0.14515515,0.14515515,-0.027835986,-0.027835986,,0.2329947797102585,,0.95292884,9.07164e+07,46.8595,0.0,,,,0.008033157,,0.028454106,0.04404888,0.034449607,0.47056982,,,
1999-05-14,AA,equity,48.5194,58.4954,USA,59.7823,57.267,57.5594,1.172467e+06,0.0068515,,,0.045905665,True,,0.008033157,0.008033157,0.17431405,0.17431405,-0.021760913,-0.021760913,,0.2708465196921661,,0.96061474,8.0204616e+07,47.212402,0.0,,,,0.009950432,,0.025866484,0.03521627,0.034261767,0.57876265,,,
1999-05-17,AA,equity,49.0046,59.0804,USA,59.5483,57.8519,59.4313,1.015333e+06,0.009800166,,,0.044098943,True,,0.009950432,0.009950432,0.1470089,0.1470089,-0.030231442,-0.030231442,,0.3029394503770155,,0.970221,7.739334e+07,47.6959,0.0,,,,-0.030153427,,0.024394933,0.03521416,0.03425546,0.52739185,,,
1999-05-18,AA,equity,47.549,57.3255,USA,58.6709,56.6235,58.6124,949667.0,0.03175158,,,0.04402876,True,,-0.030153427,-0.030153427,0.15055977,0.15055977,-0.06038487,-0.06038487,,0.3823040311730068,,0.94140214,7.473654e+07,47.7554,0.0,,,,-0.0040904474,,0.026572783,0.035612926,0.03458625,0.5138279,,,
1999-05-19,AA,equity,47.3549,57.0915,USA,58.3784,56.7406,56.9745,1.307933e+06,0.0031274133,,,0.04212329,True,,-0.0040904474,-0.0040904474,0.15120885,0.15120885,-0.029281035,-0.029281035,,0.290617710150044,,0.93755925,7.286431e+07,47.7554,0.0,,,,-0.04505666,,0.026097288,0.03502666,0.03457976,0.7117254,,,
1999-05-20,AA,equity,45.2686,54.5762,USA,57.267,54.2838,56.6235,1.164467e+06,0.038692947,,,0.04295025,True,,-0.04505666,-0.04505666,0.08966136,0.08966136,-0.06131695,-0.06131695,,0.2680704251794852,,0.8962535,7.144893e+07,47.7554,0.0,,,,0.027485808,,0.021281514,0.035703037,0.03521364,0.63575333,,,
1999-05-21,AA,equity,46.5301,56.0971,USA,56.565,55.1026,55.3366,1.158333e+06,0.023728762,,,0.043018464,True,,0.027485808,0.027485808,0.10784444,0.10784444,-0.0418643,-0.0418643,,0.2862506216844729,,0.9212294,7.144893e+07,47.7554,0.0,,,,0.006236667,,0.024078041,0.035961322,0.035264738,0.6295071,,,
1999-05-24,AA,equity,46.8212,56.4481,USA,57.384,55.2196,55.2196,1.085067e+06,0.0057477253,,,0.042811338,True,,0.006236667,0.006236667,0.12806776,0.12806776,-0.045578063,-0.045578063,,0.3051351242153077,,0.9269928,7.144893e+07,47.7554,0.0,,,,-0.059783388,,0.022967227,0.03588626,0.035156414,0.5845825,,,
1999-05-25,AA,equity,44.1041,53.1723,USA,56.5065,53.1139,56.2141,1.073133e+06,0.055709206,,,0.044085875,True,,-0.059783388,-0.059783388,0.02915288,0.02915288,-0.07520802,-0.07520802,,0.2831311328534389,,0.87319803,7.144893e+07,47.7554,0.0,,,,0.014201257,,0.028003292,0.03847682,0.03612987,0.58817816,,,
1999-05-26,AA,equity,44.7349,53.9327,USA,55.2196,52.9383,53.1723,1.310933e+06,0.010832939,,,0.044991586,True,,0.014201257,0.014201257,-0.069650866,-0.069650866,-0.05691632,-0.05691632,,0.3473392462860072,,0.88568705,7.144893e+07,47.7554,0.0,,,,-0.017505728,,0.028119275,0.038371973,0.035578035,0.784226,,,
1999-05-27,AA,equity,43.9586,52.9969,USA,53.8157,52.2949,53.8157,1.668867e+06,0.010489589,,,0.043753397,True,,-0.017505728,-0.017505728,-0.12959038,-0.12959038,-0.029365385,-0.029365385,,0.5308634399193322,,0.87031734,7.144893e+07,47.7554,0.0,,,,-0.029117221,,0.02823281,0.037780475,0.035517633,1.0973493,,,
1999-05-28,AA,equity,42.6971,51.4759,USA,52.8798,50.9494,52.6458,1.5392e+06,0.018917114,,,0.039719984,True,,-0.029117221,-0.029117221,-0.12029811,-0.12029811,-0.08596841,-0.08596841,,0.5634426333647622,,0.8453415,6.798133e+07,47.489502,0.0,,,,0.08492553,,0.02817665,0.02884125,0.03580861,1.063875,,,
1999-06-01,AA,equity,46.4816,56.0386,USA,56.2141,52.8798,53.3478,1.9286e+06,0.04403481,,,0.03996214,True,,0.08492553,0.08492553,-0.010980397,-0.010980397,-0.007279548,-0.007279548,,0.5709784083131106,,0.9202692,6.798133e+07,47.39245,0.0,,,,-0.010493463,,0.041651163,0.033271592,0.03714938,1.3246335,,,
1999-06-02,AA,equity,45.9964,55.4537,USA,55.98,54.5762,55.6876,1.1286e+06,0.0092977695,,,0.038416218,True,,-0.010493463,-0.010493463,-0.030691838,-0.030691838,0.042010378,0.042010378,,0.5677422721016843,,0.9106629,6.382821e+07,47.17485,0.0,,,,0.009449493,,0.040802293,0.032391667,0.0371025,0.8177491,,,
1999-06-03,AA,equity,46.4331,55.98,USA,56.4481,55.1026,55.3951,760533.0,0.01242483,,,0.03762552,True,,0.009449493,0.009449493,-0.006249655,-0.006249655,0.037258614,0.037258614,,0.5670947028980278,,0.91930896,6.0290748e+07,47.08805,0.0,,,,0.03490982,,0.040998064,0.03208396,0.03650892,0.56999797,,,
1999-06-04,AA,equity,48.0827,57.9689,USA,57.9689,55.8046,55.863,580733.0,0.06011337,,,0.037601314,True,,0.03490982,0.03490982,-0.028844157,-0.028844157,0.08967416,0.08967416,,0.5029609577647085,,0.9519686,5.776593e+07,47.08805,0.0,,,,-0.014228456,,0.03942798,0.032913156,0.036602236,0.4515376,,,
1999-06-07,AA,equity,47.4034,57.1499,USA,57.6764,56.6235,56.6235,720933.0,0.019736169,,,0.037311763,True,,-0.014228456,-0.014228456,-0.0450307,-0.0450307,0.10456292,0.10456292,,0.6170653316778096,,0.9385195,5.5392376e+07,47.37915,0.0,,,,0.032230023,,0.03911125,0.03289629,0.03670856,0.5772498,,,
1999-06-08,AA,equity,48.9561,59.0218,USA,59.2558,57.0915,57.384,704400.0,0.045755286,,,0.035676975,True,,0.032230023,0.032230023,-0.031221638,-0.031221638,0.051867414,0.051867414,,0.6924227168441985,,0.96926075,5.3305572e+07,47.37915,0.0,,,,-0.0009932037,,0.04028076,0.031214798,0.03624576,0.5942131,,,
1999-06-09,AA,equity,48.9075,58.9633,USA,59.6653,58.5539,59.0218,985467.0,0.0010078509,,,0.035003018,True,,-0.0009932037,-0.0009932037,-0.032214843,-0.032214843,0.061367676,0.061367676,,0.6795476928494342,,0.96829855,5.2312664e+07,47.37915,0.0,,,,0.027400147,,0.033598766,0.031210104,0.036267262,0.8672621,,,
1999-06-10,AA,equity,50.2661,60.6012,USA,61.1861,58.9633,59.0218,1.414067e+06,0.019376837,,,0.035022445,True,,0.027400147,0.027400147,0.030379588,0.030379588,0.07931833,0.07931833,,0.6741643294357322,,0.9951969,5.2312664e+07,47.37915,0.0,,,,-0.027400147,,0.034023963,0.031528153,0.036335994,1.2459034,,,
1999-06-11,AA,equity,48.9075,58.9633,USA,60.6597,58.3784,60.6012,1.1704e+06,0.023410924,,,0.034813747,True,,-0.027400147,-0.027400147,0.01600019,0.01600019,0.017008364,0.017008364,,0.6865369786159916,,0.96829855,5.2312664e+07,47.37915,0.0,,,,0.031254146,,0.035093352,0.032055877,0.036442358,1.0249076,,,
1999-06-14,AA,equity,50.4602,60.8352,USA,60.8936,58.7293,58.7293,973667.0,0.032099422,,,0.03525354,True,,0.031254146,0.031254146,0.039221182,0.039221182,0.062490966,0.062490966,,0.6481819459010449,,0.99903977,5.135784e+07,47.37915,0.0,,,,-0.0048193336,,0.032592285,0.03185626,0.036405485,0.8601172,,,
1999-06-15,AA,equity,50.2176,60.5427,USA,61.0692,59.9578,60.8352,928467.0,0.005190635,,,0.035313714,True,,-0.0048193336,-0.0048193336,0.024451416,0.024451416,0.025441611,0.025441611,,0.6587319058501702,,0.99423665,5.135784e+07,47.37915,0.0,,,,0.0038556736,,0.022519685,0.031725273,0.036160093,0.82334745,,,
1999-06-16,AA,equity,50.4116,60.7767,USA,61.0692,59.6653,60.3087,1.255e+06,0.0030722497,,,0.034417238,True,,0.0038556736,0.0038556736,0.05846052,0.05846052,0.030290488,0.030290488,,0.613963122084284,,0.9980775,5.135784e+07,47.37915,0.0,,,,0.0368497,,0.02167058,0.03169949,0.035933767,1.0980453,,,
1999-06-17,AA,equity,52.3039,63.0581,USA,63.0581,60.7767,60.7767,1.1268e+06,0.032702964,,,0.03477844,True,,0.0368497,0.0368497,0.09940066,0.09940066,0.03974004,0.03974004,,0.5130176518938476,,1.0,5.2312664e+07,47.37915,0.0,,,,0.0027798517,,0.023375595,0.032538954,0.035712004,0.993753,,,
1999-06-18,AA,equity,52.4495,63.2335,USA,63.5845,62.2976,63.2335,1.552133e+06,0.001790988,,,0.034093443,True,,0.0027798517,0.0027798517,0.14723718,0.14723718,0.06992004,0.06992004,,0.444610234738342,,1.0,5.3305572e+07,47.37915,0.0,,,,-0.06398362,,0.022031879,0.031689398,0.035658192,1.3458579,,,
1999-06-21,AA,equity,49.1987,59.3144,USA,63.175,58.6124,63.1165,1.352933e+06,0.047292527,,,0.036205865,True,,-0.06398362,-0.06398362,0.055767745,0.055767745,-0.025317732,-0.025317732,,0.4143431456293276,,0.93802035,5.3305572e+07,47.74305,0.0,,,,-0.017912,,0.03140693,0.034871724,0.03676967,1.1633164,,,
1999-06-22,AA,equity,48.3253,58.2614,USA,59.1388,57.6764,59.0804,1.0372e+06,0.017269574,,,0.03491277,True,,-0.017912,-0.017912,0.03161908,0.03161908,-0.0384104,-0.0384104,,0.503731100401551,,0.9213681,5.2904444e+07,48.204,0.0,,,,-0.0070521752,,0.030333314,0.033594053,0.036415625,0.8936731,,,
1999-06-23,AA,equity,47.9857,57.8519,USA,58.0275,56.799,57.9105,1.153533e+06,0.0061135446,,,0.03469484,True,,-0.0070521752,-0.0070521752,0.08435029,0.08435029,-0.04931825,-0.04931825,,0.476231824705321,,0.9148933,5.363231e+07,48.204,0.0,,,,-0.023531582,,0.030387038,0.033198517,0.036315396,0.9904773,,,
1999-06-24,AA,equity,46.8697,56.5065,USA,59.3728,56.2141,57.7934,1.357533e+06,0.017334078,,,0.035431758,True,,-0.023531582,-0.023531582,0.046617452,0.046617452,-0.10969953,-0.10969953,,0.3534261158372263,,0.8936158,5.6297212e+07,48.204,0.0,,,,0.036589514,,0.029173978,0.033596266,0.036234513,1.1633139,,,
1999-06-25,AA,equity,48.6164,58.6124,USA,58.9633,57.2085,57.2085,942000.0,0.038842373,,,0.033991445,True,,0.036589514,0.036589514,0.100712694,0.100712694,-0.07588986,-0.07588986,,0.4278660439181045,,0.92691827,5.6297212e+07,48.470848,0.0,,,,0.009930677,,0.031151926,0.031650163,0.03642968,0.8331786,,,
1999-06-28,AA,equity,49.1016,59.1974,USA,61.0692,58.9633,59.1974,1.034533e+06,0.009599188,,,0.03366891,True,,0.009930677,0.009930677,0.1397606,0.1397606,-0.0019755655,-0.0019755655,,0.3590455354931536,,0.9361691,5.363231e+07,48.76195,0.0,,,,-0.0049530114,,0.0294106,0.031600423,0.036380418,0.93591,,,
1999-06-29,AA,equity,48.859,58.9049,USA,59.1974,57.9689,59.1974,650400.0,0.007615331,,,0.03331917,True,,-0.0049530114,-0.0049530114,0.04988205,0.04988205,0.010983424,0.010983424,,0.3586293862157999,,0.9315437,5.135438e+07,48.88325,0.0,,,,-0.01702539,,0.029411687,0.031301115,0.03639039,0.62450397,,,
1999-06-30,AA,equity,48.0342,57.9105,USA,59.8993,57.9105,58.9633,964867.0,0.017645324,,,0.033163663,True,,-0.01702539,-0.01702539,0.043350123,0.043350123,0.0010102086,0.0010102086,,0.458855040079422,,0.91581804,5.046011e+07,48.88325,0.0,,,,0.01702539,,0.02963159,0.03077892,0.036525592,0.9337905,,,
1999-07-01,AA,equity,48.859,58.9049,USA,59.3728,57.0915,58.1444,1.181533e+06,0.0144095775,,,0.032165878,True,,0.01702539,0.01702539,0.05092602,0.05092602,0.04156718,0.04156718,,0.4546615339968598,,0.9315437,5.046011e+07,48.88325,0.0,,,,-0.0029824036,,0.027087122,0.025344457,0.035630252,1.1206483,,,
1999-07-02,AA,equity,48.7135,58.7293,USA,58.7879,57.5594,58.0859,845800.0,0.0035261333,,,0.03197145,True,,-0.0029824036,-0.0029824036,0.013033799,0.013033799,0.0019952622,0.0019952622,,0.4729771756866581,,0.9287696,4.9627216e+07,48.88325,0.0,,,,0.01581036,,0.026921155,0.02521463,0.035447255,0.79225665,,,
1999-07-06,AA,equity,49.4898,59.6653,USA,61.7126,58.9633,58.9633,1.637733e+06,0.009653807,,,0.03294606,True,,0.01581036,0.01581036,0.04307261,0.04307261,0.007874943,0.007874943,,0.5137006058841813,0.6943533389119092,0.94357044,5.046011e+07,48.9075,0.0,,,,-0.037967898,,0.018919013,0.025332997,0.035432037,1.4708987,,,
1999-07-07,AA,equity,47.646,57.4424,USA,58.3199,56.6235,57.0915,2.1804e+06,0.017413272,,,0.032558396,True,,-0.037967898,-0.037967898,-0.027125308,-0.027125308,-0.025139943,-0.025139943,,0.3926857341387697,0.6371177623773554,0.9084166,5.3075156e+07,48.9075,0.0,,,,0.01716497,,0.021922901,0.025709745,0.035768066,1.8365543,,,
1999-07-08,AA,equity,48.4709,58.4368,USA,59.0804,57.3255,57.3255,1.48e+06,0.011597952,,,0.033091486,True,,0.01716497,0.01716497,-0.008967135,-0.008967135,0.009050417,0.009050417,,0.4717530211908247,0.6259191330761087,0.9241442,5.6297212e+07,48.9075,0.0,,,,0.0029973083,,0.022559414,0.025777657,0.035583783,1.2211726,,,
1999-07-09,AA,equity,48.6164,58.6124,USA,59.6067,58.3784,58.4368,1.096267e+06,0.0027341044,,,0.03234681,True,,0.0029973083,0.0029973083,-0.033369973,-0.033369973,-0.004977666,-0.004977666,,0.4430227101927821,0.6453322318943209,0.92691827,5.6297212e+07,48.88325,0.0,,,,-0.007009879,,0.020848222,0.024827776,0.031462226,0.91656524,,,
1999-07-12,AA,equity,48.2768,58.2029,USA,59.0218,57.618,58.8463,694533.0,0.010092939,,,0.032586284,True,,-0.007009879,-0.007009879,-0.012979706,-0.012979706,-0.009005141,-0.009005141,,0.4419711153978987,0.5345991692384127,0.9204434,5.6297212e+07,48.859,0.0,,,,-0.0020112705,,0.017483791,0.02486869,0.031470407,0.59247017,,,
1999-07-13,AA,equity,48.1798,58.0859,USA,58.1444,57.384,57.735,1.160667e+06,0.0017328575,,,0.0315028,True,,-0.0020112705,-0.0020112705,-0.046245124,-0.046245124,-0.026826771,-0.026826771,,0.3541631767299718,0.4412705764381726,0.918594,5.5636896e+07,48.78625,0.0,,,,-0.0040367846,,0.017080106,0.024070075,0.03132391,0.9822704,,,
1999-07-14,AA,equity,47.9857,57.8519,USA,58.3784,57.5594,58.0859,1.2108e+06,0.0033339811,,,0.030402768,True,,-0.0040367846,-0.0040367846,-0.045462575,-0.045462575,0.0071043437,0.0071043437,,0.2249702690133386,0.5382660548879732,0.9148933,5.5636896e+07,48.66495,0.0,,,,-0.01733786,,0.017064331,0.023398709,0.031005798,1.0126004,,,
1999-07-15,AA,equity,47.1609,56.8576,USA,57.618,56.6235,57.5594,1.156867e+06,0.014986909,,,0.029549366,True,,-0.01733786,-0.01733786,-0.06665611,-0.06665611,-0.027398488,-0.027398488,,0.2063389909441022,0.5559673389998308,0.8991678,5.5636896e+07,48.6164,0.0,,,,0.005128803,,0.017095558,0.022498561,0.03075646,0.97148234,,,
1999-07-16,AA,equity,47.4034,57.1499,USA,58.8463,57.1499,58.7293,1.789467e+06,0.0028661066,,,0.030044053,True,,0.005128803,0.005128803,-0.098377004,-0.098377004,-0.025266992,-0.025266992,,0.236854644403885,0.6050355598061996,0.90379125,5.6824612e+07,48.54365,0.0,,,,-0.0010236584,,0.016017195,0.022561686,0.030744165,1.4620306,,,
1999-07-19,AA,equity,47.3549,57.0915,USA,57.735,56.682,57.4424,815267.0,0.0012556112,,,0.029823616,True,,-0.0010236584,-0.0010236584,-0.10218052,-0.10218052,-0.01928077,-0.01928077,,0.2363527076009544,0.5794196933257798,0.90286654,5.5636896e+07,48.3981,0.0,,,,-0.009262502,,0.016029738,0.022518925,0.030692538,0.68676233,,,
1999-07-20,AA,equity,46.9183,56.565,USA,57.384,55.3366,56.6235,672267.0,0.01377801,,,0.029800028,True,,-0.009262502,-0.009262502,-0.047459394,-0.047459394,-0.026532002,-0.026532002,,0.2822929461083987,0.5861201300105843,0.89454234,5.4955988e+07,48.30105,0.0,,,,-0.0051840935,,0.014695777,0.020722853,0.030713758,0.5830168,,,
1999-07-21,AA,equity,46.6757,56.2725,USA,57.0915,55.8046,56.1556,540933.0,0.009583615,,,0.029906929,True,,-0.0051840935,-0.0051840935,-0.03473149,-0.03473149,-0.027679311,-0.027679311,,0.2085311960520817,0.5243971742528326,0.88991696,5.3927724e+07,48.2283,0.0,,,,0.022610826,,0.009257964,0.020651026,0.030657385,0.47943577,,,
1999-07-22,AA,equity,47.7431,57.5594,USA,57.735,55.863,56.3311,744933.0,0.030352833,,,0.02799925,True,,0.022610826,0.022610826,-0.005068485,-0.005068485,0.012269376,0.012269376,,0.1676613640310305,0.495107042914769,0.91026795,5.2046892e+07,48.107,0.0,,,,-0.033060424,,0.010580098,0.01683304,0.030392036,0.6724193,,,
1999-07-23,AA,equity,46.1905,55.6876,USA,58.1444,55.6876,57.5594,844133.0,0.039164945,,,0.028823229,True,,-0.033060424,-0.033060424,-0.014597327,-0.014597327,-0.02591985,-0.02591985,,0.1487196950229365,0.5348498773014518,0.88066614,5.2046892e+07,48.00995,0.0,,,,-0.014815665,,0.0143462485,0.017822856,0.026994068,0.78003734,,,
1999-07-26,AA,equity,45.5112,54.8687,USA,56.565,54.7517,55.2196,690200.0,0.021465756,,,0.029331481,True,,-0.014815665,-0.014815665,-0.06600251,-0.06600251,-0.03971186,-0.03971186,,0.1378074061781555,0.4653375922931322,0.86771464,4.857192e+07,48.00995,0.0,,,,0.033545695,,0.014669301,0.01800249,0.026452562,0.64530003,,,
1999-07-27,AA,equity,47.0638,56.7406,USA,57.3255,54.9856,54.9856,1.146933e+06,0.029248174,,,0.028741175,True,,0.033545695,0.033545695,-0.04238749,-0.04238749,0.0030963407,0.0030963407,,0.1349187973465453,0.5176643077737244,0.89731646,4.857192e+07,48.00995,0.0,,,,0.014330392,,0.019296097,0.018903388,0.026385618,1.066716,,,
1999-07-28,AA,equity,47.7431,57.5594,USA,57.6764,55.9216,56.3895,619200.0,0.023143398,,,0.028772287,True,,0.014330392,0.014330392,-0.023104085,-0.023104085,0.022610826,0.022610826,,0.0237647676772689,0.5597415579772336,0.91026795,4.857192e+07,47.8644,0.0,,,,-0.02157228,,0.01997908,0.017398013,0.026261665,0.57672966,,,
1999-07-29,AA,equity,46.7242,56.3311,USA,56.9745,55.9216,56.6235,531733.0,0.04056976,,,0.028025182,True,,-0.02157228,-0.02157228,-0.027650975,-0.027650975,-0.02157228,-0.02157228,,-0.02361667020509,0.5161313271650789,0.89084166,4.377425e+07,47.7431,0.0,,,,-0.0052056853,,0.02041554,0.017763298,0.026384264,0.50545764,,,
1999-07-30,AA,equity,46.4816,56.0386,USA,56.3311,55.3366,56.1556,703000.0,0.0074049574,,,0.027881617,True,,-0.0052056853,-0.0052056853,-0.04988205,-0.04988205,0.0062824585,0.0062824585,,-0.0025127544866966,0.4938794477812138,0.8862163,4.377425e+07,47.69455,0.0,,,,0.025761593,,0.020336162,0.017765207,0.026321754,0.68381447,,,
1999-08-02,AA,equity,47.6946,57.501,USA,57.7934,55.8046,56.3311,596800.0,0.04316621,,,0.027938517,True,,0.025761593,0.025761593,-0.021138053,-0.021138053,0.04685972,0.04685972,,0.0396682307302991,0.5309822306120686,0.90934324,4.00964e+07,47.6703,0.0,,,,0.012132912,,0.022156265,0.018403238,0.025449138,0.5876291,,,
1999-08-03,AA,equity,48.2768,58.2029,USA,58.4368,57.0915,57.501,692267.0,0.017526347,,,0.027216407,True,,0.012132912,0.012132912,-0.0248155,-0.0248155,0.025446933,0.025446933,,0.0270609458808428,0.5474133410433664,0.9204434,3.8798904e+07,47.6703,0.0,,,,0.03217176,,0.02211875,0.018212192,0.025500428,0.7149057,,,
1999-08-04,AA,equity,49.8552,59.8993,USA,61.0107,57.9105,57.9105,1.182133e+06,0.02721501,,,0.02862645,True,,0.03217176,0.03217176,0.045324158,0.045324158,0.0432883,0.0432883,,0.0591898465024485,0.5403034741633315,0.9505372,3.8798904e+07,47.6703,0.0,,,,-0.010801287,,0.023707714,0.019485803,0.025733592,1.2871377,,,
1999-08-05,AA,equity,49.3196,59.2558,USA,60.0162,59.0218,59.8408,997333.0,0.010830171,,,0.027314732,True,,-0.010801287,-0.010801287,0.017357903,0.017357903,0.054059293,0.054059293,,-0.0372561539895235,0.4210045785741299,0.94032544,3.8798904e+07,47.6703,0.0,,,,-0.01091712,,0.023552893,0.01935161,0.025769804,1.1152275,,,
1999-08-06,AA,equity,48.7841,58.6124,USA,59.6067,58.2029,59.2558,707867.0,0.0154225575,,,0.027056303,True,,-0.01091712,-0.01091712,0.0034434744,0.0034434744,0.04834786,0.04834786,,-0.022503935338439,0.4001808966284201,0.9301156,3.7086148e+07,47.71885,0.0,,,,0.04679091,,0.020618044,0.017616302,0.025402151,0.80911416,,,
1999-08-09,AA,equity,51.121,61.4201,USA,61.7712,58.4368,58.4368,749133.0,0.062460084,,,0.028207475,True,,0.04679091,0.04679091,0.057244264,0.057244264,0.06937718,0.06937718,,-0.0374648249208322,0.4202531281624722,0.9746708,3.693092e+07,47.71885,0.0,,,,0.0123064155,,0.02295688,0.01989053,0.026047612,0.8536188,,,
1999-08-10,AA,equity,51.754,62.1806,USA,62.8825,60.0162,60.0162,1.6828e+06,0.0073130587,,,0.029381275,True,,0.0123064155,0.0123064155,0.07156195,0.07156195,0.06955068,0.06955068,,-0.0441884866893399,0.4163316690892438,0.98673964,3.693092e+07,47.71885,0.0,,,,0.043263435,,0.02164857,0.02000211,0.026072986,1.8621156,,,
1999-08-11,AA,equity,54.0422,64.9298,USA,65.5733,60.8352,61.7712,2.7506e+06,0.015728727,,,0.03169465,True,,0.043263435,0.043263435,0.11886217,0.11886217,0.08064235,0.08064235,,-0.0119396845697133,0.4379625543588896,1.0,3.8451656e+07,47.71885,0.0,,,,-0.02370104,,0.024154328,0.021628516,0.026614252,2.8047504,,,
1999-08-12,AA,equity,52.7764,63.409,USA,66.3337,63.3506,65.0468,2.361933e+06,0.010034595,,,0.033187453,True,,-0.02370104,-0.02370104,0.11249899,0.11249899,0.0677426,0.0677426,,-0.0030229910428574,0.436314783048942,0.97657764,3.8451656e+07,47.71885,0.0,,,,-0.018623792,,0.024493923,0.022448251,0.026496422,2.2690241,,,
1999-08-13,AA,equity,51.8026,62.2391,USA,63.409,61.6542,63.409,1.778467e+06,0.010471824,,,0.03382083,True,,-0.018623792,-0.018623792,0.08874639,0.08874639,0.060035925,0.060035925,,-0.0279991383017783,0.4397549692605231,0.9585584,3.8451656e+07,47.71885,0.0,,,,0.0056247595,,0.025880458,0.022911964,0.026616765,1.7094126,,,
1999-08-16,AA,equity,52.0948,62.59,USA,62.707,61.6542,62.707,945733.0,0.0059475135,,,0.033799052,True,,0.0056247595,0.0056247595,0.09539481,0.09539481,0.018869778,0.018869778,,-0.0326744853872666,0.5153813157696572,0.96396524,3.8451656e+07,47.7431,0.0,,,,-0.0018714312,,0.025368644,0.022436595,0.025909148,0.903348,,,
1999-08-17,AA,equity,51.9974,62.473,USA,62.7655,62.2391,62.59,771267.0,0.0024264376,,,0.03285236,True,,-0.0018714312,-0.0018714312,0.10278588,0.10278588,0.004691931,0.004691931,,-0.0040820927283762,0.5473081004933602,0.9621629,3.8451656e+07,48.00995,0.0,,,,0.0018714312,,0.025551612,0.022477193,0.025702622,0.7332342,,,
1999-08-18,AA,equity,52.0948,62.59,USA,63.0581,61.8881,62.473,752667.0,0.0024864,,,0.032866985,True,,0.0018714312,0.0018714312,0.10984141,0.10984141,-0.036700074,-0.036700074,,-0.0092197370942651,0.4804228720070183,0.96396524,3.8643676e+07,48.53045,0.0,,,,-0.025558583,,0.024042897,0.022453588,0.025696177,0.7084214,,,
1999-08-19,AA,equity,50.7802,61.0107,USA,61.5956,60.2502,61.3031,2.3882e+06,0.010702028,,,0.032219563,True,,-0.025558583,-0.025558583,0.061671995,0.061671995,-0.038557615,-0.038557615,,0.0310833704393702,0.4539131437045345,0.9396398,3.910048e+07,49.05185,0.0,,,,0.037634388,,0.025488641,0.023180591,0.024665635,2.0864568,,,
1999-08-20,AA,equity,52.7277,63.3506,USA,63.6429,61.0107,61.0692,1.8758e+06,0.020063113,,,0.033102937,True,,0.037634388,0.037634388,0.1323668,0.1323668,0.017700562,0.017700562,,0.0260690905504505,0.4838109510127453,0.9756764,3.9656956e+07,49.587402,0.0,,,,-0.023355214,,0.027131533,0.024184186,0.02503917,1.5681281,,,
1999-08-23,AA,equity,51.5105,61.8881,USA,63.409,61.7712,63.3506,991533.0,0.023554651,,,0.032794245,True,,-0.023355214,-0.023355214,0.123827256,0.123827256,-0.011279411,-0.011279411,,-0.0134704568565305,0.44314633251299,0.9531534,4.4645972e+07,50.317703,0.0,,,,-0.016199099,,0.024899114,0.024620943,0.025130553,0.8185896,,,
1999-08-24,AA,equity,50.6828,60.8936,USA,61.6542,59.1974,61.1277,1.220133e+06,0.013276502,,,0.03268028,True,,-0.016199099,-0.016199099,0.074082464,0.074082464,-0.025607077,-0.025607077,,0.0319040792276172,0.41763980351104,0.9378375,4.9227916e+07,50.7315,0.0,,,,-0.023323063,,0.02506142,0.023674462,0.024908202,1.0042826,,,
1999-08-25,AA,equity,49.5144,59.4898,USA,61.2447,59.1974,61.2447,1.1618e+06,0.020074937,,,0.032744706,True,,-0.023323063,-0.023323063,0.03642901,0.03642901,-0.05080157,-0.05080157,,0.0520600092811571,0.4802870348679033,0.9162174,5.0171068e+07,50.7315,0.0,,,,-0.0059188358,,0.020008342,0.024066411,0.022684151,0.9353816,,,
1999-08-26,AA,equity,49.2222,59.1388,USA,60.1332,58.9633,59.4898,744467.0,0.0079504335,,,0.031743713,True,,-0.0059188358,-0.0059188358,0.052082453,0.052082453,-0.031161822,-0.031161822,,0.0860923732867917,0.5238828749076685,0.9108105,4.9227916e+07,50.7315,0.0,,,,0.009843281,,0.01930996,0.023201417,0.022652349,0.5942915,,,
1999-08-27,AA,equity,49.7091,59.7238,USA,59.8993,58.4954,59.1388,791467.0,0.012436754,,,0.031417377,True,,0.009843281,0.009843281,0.06713142,0.06713142,-0.058952928,-0.058952928,,0.0943178684061676,0.4598210023823681,0.9198201,4.9227916e+07,50.7315,0.0,,,,0.0048845503,,0.019498775,0.023107747,0.022654857,0.6295875,,,
1999-08-30,AA,equity,49.9525,60.0162,USA,60.6012,59.4898,59.4898,961267.0,0.005081367,,,0.03141087,True,,0.0048845503,0.0048845503,0.046254374,0.046254374,-0.030713165,-0.030713165,,0.0,0.5163801879161223,0.924324,4.9227916e+07,50.7315,0.0,,,,0.0068013105,,0.019459013,0.022512376,0.022223702,0.7537319,,,
1999-08-31,AA,equity,50.2934,60.4257,USA,60.8352,59.7823,60.1332,1.199267e+06,0.0056712227,,,0.031394813,True,,0.0068013105,0.0068013105,0.040922776,0.040922776,-0.0077127563,-0.0077127563,,0.0369202864896065,0.5910874892069349,0.930632,5.0171068e+07,50.7315,0.0,,,,0.002898758,,0.019765152,0.02244849,0.022151014,0.9220213,,,
1999-09-01,AA,equity,50.4394,60.6012,USA,60.6597,59.7823,60.6012,594933.0,0.004872411,,,0.030465493,True,,0.002898758,0.002898758,0.011649772,0.011649772,0.018509064,0.018509064,,0.0397065138567447,0.5950730407125444,0.93333364,5.0171068e+07,50.7315,0.0,,,,-0.006779577,,0.019797845,0.021895237,0.021770189,0.46795988,,,
1999-09-02,AA,equity,50.0986,60.1918,USA,60.4843,59.2558,59.8993,602467.0,0.011253026,,,0.030339582,True,,-0.006779577,-0.006779577,0.015671482,0.015671482,0.017648323,0.017648323,,0.0368636316719834,0.6036747509895934,0.9270274,5.0171068e+07,50.7315,0.0,,,,0.0,,0.018276678,0.021872062,0.021789713,0.4813613,,,
1999-09-03,AA,equity,50.0986,60.1918,USA,61.1861,60.0162,60.7182,435400.0,0.0,,,0.028847134,True,,0.0,0.0,0.026588602,0.026588602,0.007805042,0.007805042,,0.0404232336381948,0.6115040830000504,0.9270274,4.9227916e+07,50.7315,0.0,,,,0.010634225,,0.012232182,0.020785065,0.021499468,0.35170573,,,
1999-09-07,AA,equity,50.6342,60.8352,USA,61.0692,60.1918,60.1918,921800.0,0.011536369,,,0.028745497,True,,0.010634225,0.010634225,-0.009568082,-0.009568082,0.0135547165,0.0135547165,,-0.0035133698023337,0.665026155713287,0.9369382,4.864273e+07,50.7315,0.0,,,,0.0076629864,,0.011286306,0.02074613,0.021238692,0.7394513,,,
1999-09-08,AA,equity,51.0237,61.3031,USA,61.4201,60.6012,60.8352,757667.0,0.010113924,,,0.028272342,True,,0.0076629864,0.0076629864,-0.01421151,-0.01421151,0.014416393,0.014416393,,0.0452588479602844,0.69990818686953,0.94414556,4.864273e+07,50.90195,0.0,,,,0.0019050954,,0.010369209,0.020607272,0.020876452,0.63120854,,,
1999-09-09,AA,equity,51.121,61.4201,USA,61.7126,61.0107,61.0692,541000.0,0.0035214333,,,0.026270594,True,,0.0019050954,0.0019050954,-0.05556985,-0.05556985,0.01342273,0.01342273,,0.0296004608651299,0.7154411248245378,0.9459459,4.864273e+07,50.90195,0.0,,,,0.002853906,,0.0060541853,0.018026004,0.020867178,0.4963925,,,
1999-09-10,AA,equity,51.2671,61.5956,USA,62.0051,61.1277,61.3617,654933.0,0.004357554,,,0.024798157,True,,0.002853906,0.002853906,-0.029014904,-0.029014904,0.023056213,0.023056213,,0.1049879227580663,0.8691637688931415,0.94864947,4.7346148e+07,50.90195,0.0,,,,-0.0066697556,,0.0051561035,0.017830295,0.020864684,0.6519903,,,
1999-09-13,AA,equity,50.9263,61.1861,USA,61.3031,60.6597,61.2447,444133.0,0.015017473,,,0.021870242,True,,-0.0066697556,-0.0066697556,-0.017060867,-0.017060867,0.016386457,0.016386457,,0.0459015263188491,0.807250061771039,0.94234324,4.338924e+07,50.85325,0.0,,,,0.0,,0.00571574,0.014948846,0.020321233,0.47359198,,,
1999-09-14,AA,equity,50.9263,61.1861,USA,61.3617,60.7182,60.9522,779400.0,0.0,,,0.020258272,True,,0.0,0.0,-0.022685627,-0.022685627,0.0057522324,0.0057522324,,0.0315626200458316,0.7709745814656019,0.94234324,3.9897916e+07,50.85325,0.0,,,,-0.0028729567,,0.0056902976,0.01419844,0.020316925,0.83853334,,,
1999-09-15,AA,equity,50.7802,61.0107,USA,61.3617,60.3673,61.2447,727067.0,0.003951433,,,0.019725332,True,,-0.0028729567,-0.0028729567,-0.023687152,-0.023687152,-0.004783711,-0.004783711,,0.0333891583702217,0.715738596074202,0.9396398,3.9517536e+07,50.7802,0.0,,,,-0.018383695,,0.0055917436,0.01368826,0.018533528,0.78409415,,,
1999-09-16,AA,equity,49.8552,59.8993,USA,60.9522,59.7238,60.8352,900200.0,0.02042179,,,0.019881122,True,,-0.018383695,-0.018383695,-0.04394228,-0.04394228,-0.025072502,-0.025072502,,-0.0058600464993682,0.654566488245838,0.92252356,3.9517536e+07,50.7315,0.0,,,,0.023167407,,0.008210245,0.014093823,0.01854158,0.96314466,,,
1999-09-17,AA,equity,51.0237,61.3031,USA,61.3031,60.6597,61.3031,985000.0,0.023520209,,,0.019977883,True,,0.023167407,0.023167407,0.004783711,0.004783711,-0.0047590015,-0.0047590015,,-0.0067627334642391,0.5892057485088473,0.94414556,3.9517536e+07,50.7315,0.0,,,,-0.008625294,,0.010941927,0.015080902,0.018741779,1.1394044,,,
1999-09-20,AA,equity,50.5855,60.7767,USA,61.1277,60.4257,60.9522,585600.0,0.014728986,,,0.019651627,True,,-0.008625294,-0.008625294,-0.04147597,-0.04147597,-0.00671454,-0.00671454,,0.0321451788085795,0.5865440597464409,0.936037,3.9517536e+07,50.6585,0.0,,,,-0.03925982,,0.011431204,0.015156253,0.01850811,0.73202133,,,
1999-09-21,AA,equity,48.638,58.4368,USA,60.7767,58.1444,60.7767,1.052533e+06,0.037300326,,,0.02066008,True,,-0.03925982,-0.03925982,-0.05738058,-0.05738058,-0.045974363,-0.045974363,,0.0910993025284516,0.7040212299797768,0.9000004,3.9517536e+07,50.609848,0.0,,,,-0.007031556,,0.016505457,0.016427172,0.018644765,1.3107073,,,
1999-09-22,AA,equity,48.2972,58.0275,USA,58.9049,57.501,58.4954,1.157267e+06,0.0060760016,,,0.019836832,True,,-0.007031556,-0.007031556,-0.048213035,-0.048213035,-0.05013296,-0.05013296,,0.0734552847435079,0.6240813991004099,0.8936942,3.9517536e+07,50.51245,0.0,,,,-0.022426847,,0.0159958,0.013860338,0.01862033,1.4467946,,,
1999-09-23,AA,equity,47.2261,56.7406,USA,57.9689,56.682,57.9689,566267.0,0.039604723,,,0.019667828,True,,-0.022426847,-0.022426847,-0.04731682,-0.04731682,-0.054176114,-0.054176114,,0.0813553061946863,0.5553072541989235,0.87387455,3.9001044e+07,50.3664,0.0,,,,-0.012447466,,0.016585384,0.013799852,0.018830199,0.7353097,,,
1999-09-24,AA,equity,46.6419,56.0386,USA,56.799,54.8687,56.7406,816133.0,0.015251761,,,0.019391196,True,,-0.012447466,-0.012447466,-0.05384545,-0.05384545,-0.089790985,-0.089790985,,0.0184711080813069,0.5804199601714148,0.8630644,3.8362484e+07,50.196,0.0,,,,0.020661192,,0.01618138,0.013663751,0.018771563,1.0548579,,,
1999-09-27,AA,equity,47.6156,57.2085,USA,57.618,55.6583,56.1556,1.0992e+06,0.01879657,,,0.019418646,True,,0.020661192,0.020661192,-0.04302754,-0.04302754,-0.0605045,-0.0605045,,0.0024560877398382,0.5217775471453339,0.8810819,3.8362484e+07,50.196,0.0,,,,-0.0040995157,,0.018800303,0.013883654,0.018834826,1.3930205,,,
1999-09-28,AA,equity,47.4208,56.9745,USA,57.735,56.3895,57.2085,914800.0,0.0044813245,,,0.01959743,True,,-0.0040995157,-0.0040995157,-0.052011605,-0.052011605,-0.025344193,-0.025344193,,0.0173989978524518,0.5817523881915123,0.8774772,3.9001044e+07,50.196,0.0,,,,0.003076171,,0.018681765,0.013863215,0.018837944,1.1627532,,,
1999-09-29,AA,equity,47.5669,57.1499,USA,57.5594,56.682,57.033,607733.0,0.005061715,,,0.01921765,True,,0.003076171,0.003076171,-0.055736747,-0.055736747,-0.015236466,-0.015236466,,0.0399361429594651,0.567791401549276,0.88018066,3.8362484e+07,50.196,0.0,,,,0.016244344,,0.018925589,0.01366873,0.018723046,0.8026304,,,
1999-09-30,AA,equity,48.3459,58.0859,USA,58.6124,56.682,57.1499,1.1754e+06,0.013820269,,,0.01989843,True,,0.016244344,0.016244344,-0.04239116,-0.04239116,0.023434725,0.023434725,,0.0293579200777258,0.5905565615415189,0.8945954,3.8362484e+07,50.196,0.0,,,,-0.029639132,,0.01967043,0.014147461,0.018192727,1.4950395,,,
1999-10-01,AA,equity,46.934,56.3895,USA,58.4368,56.2725,58.3199,541133.0,0.05477236,,,0.020820105,True,,-0.029639132,-0.029639132,-0.06525072,-0.06525072,0.0062430594,0.0062430594,,0.0354295771824357,0.6000672342613016,0.8684695,3.74933e+07,50.0986,0.0,,,,0.034660988,,0.018916659,0.015223301,0.018456373,0.69098455,,,
1999-10-04,AA,equity,48.5893,58.3784,USA,58.3784,56.2725,56.565,798200.0,0.043423936,,,0.021827659,True,,0.034660988,0.034660988,-0.030589728,-0.030589728,0.020242855,0.020242855,,0.012301504287139,0.5771635272422109,0.89909923,3.8362484e+07,49.9769,0.0,,,,0.027669236,,0.023293952,0.017201144,0.019003712,0.9961645,,,
1999-10-05,AA,equity,49.9525,60.0162,USA,60.0162,57.9689,58.3199,929933.0,0.02975401,,,0.02247243,True,,0.027669236,0.027669236,-0.0135547165,-0.0135547165,0.052011605,0.052011605,,0.0514754350100756,0.4718691651630111,0.924324,3.8721476e+07,49.90385,0.0,,,,-0.03369897,,0.021599155,0.018252436,0.019312054,1.1599804,,,
1999-10-06,AA,equity,48.2972,58.0275,USA,59.4898,55.9216,59.4313,2.632133e+06,0.012802913,,,0.024405591,True,,-0.03369897,-0.03369897,-0.054916672,-0.054916672,0.015236466,0.015236466,,0.0446308918150883,0.5222012714357243,0.8936942,3.923797e+07,49.2466,0.0,,,,-0.006066312,,0.024394909,0.019604705,0.019810652,2.9396062,,,
1999-10-07,AA,equity,48.0051,57.6764,USA,57.7934,56.1556,56.3895,1.5418e+06,0.0039345645,,,0.025054451,True,,-0.006066312,-0.006066312,-0.06288808,-0.06288808,-0.0070741903,-0.0070741903,,0.0495161912222827,0.5054614742283043,0.8882892,3.923797e+07,48.613647,0.0,,,,0.0,,0.023245249,0.019428344,0.019819463,1.6307695,,,
1999-10-08,AA,equity,48.0051,57.6764,USA,57.7934,56.565,57.5594,884000.0,0.0,,,0.025420865,True,,0.0,0.0,-0.065741986,-0.065741986,0.022564942,0.022564942,,0.0589144317245196,0.4664953191869345,0.8882892,4.106423e+07,48.467598,0.0,,,,0.022066902,,0.022734975,0.019307213,0.019688252,0.9238198,,,
1999-10-11,AA,equity,49.0762,58.9633,USA,59.3144,57.384,57.6764,729133.0,0.030264579,,,0.02640472,True,,0.022066902,0.022066902,-0.037005328,-0.037005328,0.009970857,0.009970857,,0.0640787899013819,0.419496375993404,0.90810883,4.106423e+07,48.467598,0.0,,,,-0.012980156,,0.022861123,0.020005658,0.019879235,0.750796,,,
1999-10-12,AA,equity,48.4433,58.2029,USA,58.6124,57.8519,58.5539,635533.0,0.020424047,,,0.026350563,True,,-0.012980156,-0.012980156,-0.049985483,-0.049985483,-0.030678535,-0.030678535,,0.0612807863289472,0.23628526856235,0.89639765,4.106423e+07,48.3946,0.0,,,,-0.020306576,,0.023336032,0.020112703,0.019955344,0.6592986,,,
1999-10-13,AA,equity,47.4695,57.033,USA,58.3199,56.9745,58.2614,767000.0,0.026475327,,,0.026931826,True,,-0.020306576,-0.020306576,-0.067419104,-0.067419104,-0.01728614,-0.01728614,,0.0798415620482722,0.2233635068297925,0.87837845,4.106423e+07,48.32155,0.0,,,,0.009188803,,0.024379222,0.020452173,0.02009622,0.79403704,,,
1999-10-14,AA,equity,47.9077,57.5594,USA,57.8519,56.0386,57.3255,698733.0,0.013150665,,,0.027900035,True,,0.009188803,0.009188803,-0.039846603,-0.039846603,-0.0020310262,-0.0020310262,,0.0712354073148573,0.2458983574149285,0.8864869,4.0610244e+07,48.2972,0.0,,,,0.0,,0.023948561,0.020613719,0.02011667,0.73098665,,,
1999-10-15,AA,equity,47.9077,57.5594,USA,58.2029,56.1556,56.7406,772067.0,0.0,,,0.028784897,True,,0.0,0.0,-0.06301401,-0.06301401,-0.0020310262,-0.0020310262,,0.0527992106850736,0.178470662133334,0.8864869,4.0610244e+07,48.15115,0.0,,,,-0.007139128,,0.02172927,0.020622185,0.019904863,0.8168034,,,
1999-10-18,AA,equity,47.5669,57.1499,USA,58.0859,56.9745,57.2085,591133.0,0.012077025,,,0.02873762,True,,-0.007139128,-0.007139128,-0.061527845,-0.061527845,-0.031237056,-0.031237056,,0.0875010396890048,0.2474347747016774,0.88018066,3.8424984e+07,48.0051,0.0,,,,-0.0010243126,,0.018547157,0.020351142,0.019449985,0.6252024,,,
1999-10-19,AA,equity,47.5182,57.0915,USA,57.7934,56.6235,57.384,727800.0,0.0014074094,,,0.029187573,True,,-0.0010243126,-0.0010243126,-0.023292335,-0.023292335,-0.019281214,-0.019281214,,0.0837651620190171,0.2425969271584391,0.87927955,3.7526972e+07,47.956398,0.0,,,,0.023292335,,0.015373365,0.019556917,0.01934727,0.7831955,,,
1999-10-20,AA,equity,48.638,58.4368,USA,58.9049,56.7406,57.3255,577667.0,0.040321387,,,0.03036391,True,,0.023292335,0.023292335,0.007031556,0.007031556,0.024317697,0.024317697,,0.0187440968515451,0.1752170391243739,0.9000004,3.7526972e+07,47.956398,0.0,,,,0.0,,0.0140579315,0.02030751,0.019096058,0.64164555,,,
1999-10-21,AA,equity,48.638,58.4368,USA,58.4954,57.384,58.4368,603000.0,0.0,,,0.029223563,True,,0.0,0.0,0.029458404,0.029458404,0.015128894,0.015128894,,0.0456089666138721,0.1561766421072683,0.9000004,3.6698532e+07,47.956398,0.0,,,,0.00598761,,0.01386289,0.018502278,0.019010184,0.6684206,,,
1999-10-22,AA,equity,48.9301,58.7879,USA,58.9633,58.3199,58.7879,441133.0,0.0135732535,,,0.028625878,True,,0.00598761,0.00598761,0.04789348,0.04789348,0.021116504,0.021116504,,0.0376808559716921,0.1464593501799973,0.9054054,3.6096092e+07,47.956398,0.0,,,,-0.002988307,,0.013929182,0.018474855,0.018804349,0.4993714,,,
1999-10-25,AA,equity,48.7841,58.6124,USA,59.6067,58.3784,58.5539,658667.0,0.004536901,,,0.028551891,True,,-0.002988307,-0.002988307,0.02424398,0.02424398,0.025267325,0.025267325,,-0.0089644630396142,0.0888252980826462,0.9027038,3.6096092e+07,48.0051,0.0,,,,-0.023221763,,0.012023322,0.017773053,0.018794585,0.7646916,,,
1999-10-26,AA,equity,47.6643,57.267,USA,59.4313,57.267,58.7879,980267.0,0.023689222,,,0.028666439,True,,-0.023221763,-0.023221763,0.005121734,0.005121734,0.0030698753,0.0030698753,,-0.0026705142483754,-0.007218224469808,0.881983,3.6096092e+07,48.0051,0.0,,,,-0.04171681,,0.013536335,0.018315146,0.018756012,1.1337504,,,
1999-10-27,AA,equity,45.7168,54.9272,USA,57.8519,54.0497,57.7934,1.088267e+06,0.03833325,,,0.030182606,True,,-0.04171681,-0.04171681,-0.039671246,-0.039671246,-0.06193927,-0.06193927,,0.0149087204286511,-0.0523572570141779,0.8459464,3.6096092e+07,48.0051,0.0,,,,-0.011782551,,0.017831834,0.019885194,0.01944096,1.2246295,,,
1999-10-28,AA,equity,45.1813,54.2838,USA,56.1556,54.0497,56.1556,1.559133e+06,0.0075571174,,,0.03084798,True,,-0.011782551,-0.011782551,-0.06769814,-0.06769814,-0.07372182,-0.07372182,,0.0233489507851252,-0.0122168031821674,0.83603746,3.6096092e+07,48.0051,0.0,,,,0.046323724,,0.017366597,0.019993754,0.018996378,1.7174159,,,
1999-10-29,AA,equity,47.3235,56.8576,USA,56.916,53.5818,54.2838,2.082533e+06,0.022243934,,,0.0328929,True,,0.046323724,0.046323724,0.008264715,0.008264715,-0.033385705,-0.033385705,,0.0136556832268603,0.0287500086246048,0.8756769,3.6698532e+07,48.0051,0.0,,,,0.005130072,,0.024010498,0.022505412,0.019937683,2.114447,,,
1999-11-01,AA,equity,47.5669,57.1499,USA,57.9105,56.682,57.0915,1.2022e+06,0.0042672367,,,0.03234539,True,,0.005130072,0.005130072,-0.0212662,-0.0212662,-0.025267325,-0.025267325,,-0.0278146063762293,-0.010457562599077,0.88018066,3.6698532e+07,47.956398,0.0,,,,-0.0041015474,,0.023988282,0.022241108,0.019905753,1.196092,,,
1999-11-02,AA,equity,47.3722,56.916,USA,58.0275,56.916,57.0915,810600.0,0.005059891,,,0.031509236,True,,-0.0041015474,-0.0041015474,-0.053036984,-0.053036984,-0.0061471104,-0.0061471104,,-0.0253916026652502,0.0399171520946821,0.876578,3.769393e+07,47.956398,0.0,,,,-0.0151354605,,0.024022596,0.021307744,0.01891977,0.8112978,,,
1999-11-03,AA,equity,46.6606,55.863,USA,57.4424,55.8046,57.3255,689467.0,0.021952407,,,0.031154169,True,,-0.0151354605,-0.0151354605,-0.034473475,-0.034473475,0.020434238,0.020434238,,0.0128326314269411,0.0093493991654034,0.8634105,3.6698532e+07,47.9077,0.0,,,,0.0010453342,,0.02287404,0.020108603,0.018917717,0.7643702,,,
1999-11-04,AA,equity,46.7094,55.9216,USA,56.2141,55.3366,56.0386,664600.0,0.0015728772,,,0.03029182,True,,0.0010453342,0.0010453342,-0.027361827,-0.027361827,0.033262122,0.033262122,,-0.0099807177706086,-0.026006928903578,0.8643135,3.6096092e+07,47.786,0.0,,,,0.023774495,,0.022897493,0.019019699,0.01797776,0.7744597,,,
1999-11-05,AA,equity,47.8332,57.267,USA,57.6764,56.4481,57.5594,810600.0,0.029329503,,,0.0284596,True,,0.023774495,0.023774495,-0.0035873319,-0.0035873319,0.010712895,0.010712895,,-0.0609514334795679,-0.0495677182063317,0.8851083,3.6096092e+07,47.74875,0.0,,,,-0.021682862,,0.024404746,0.018550983,0.018070236,0.94865084,,,
1999-11-08,AA,equity,46.8072,56.0386,USA,57.4424,54.3422,57.1499,1.2036e+06,0.018015007,,,0.0296742,True,,-0.021682862,-0.021682862,-0.047337096,-0.047337096,-0.01610004,-0.01610004,,-0.0724369372420625,-0.0495677182063317,0.8661232,3.6096092e+07,47.6156,0.0,,,,0.0031249647,,0.025170134,0.019068142,0.018123208,1.3705306,,,
1999-11-09,AA,equity,46.9537,56.2141,USA,56.799,55.4537,56.2725,803667.0,0.0038883823,,,0.02978719,True,,0.0031249647,0.0031249647,-0.031231975,-0.031231975,-0.008873528,-0.008873528,,-0.0918911474811811,0.0064434915220346,0.868834,3.6096092e+07,47.5669,0.0,,,,-0.008357933,,0.024314834,0.019088734,0.018108975,0.90645266,,,
1999-11-10,AA,equity,46.5629,55.7461,USA,56.1556,55.2782,56.1556,669067.0,0.012491923,,,0.028999187,True,,-0.008357933,-0.008357933,-0.019283332,-0.019283332,-0.0020960004,-0.0020960004,,-0.082103043313933,0.0064843482819825,0.86160266,3.5496428e+07,47.54255,0.0,,,,0.021795474,,0.020109136,0.01842818,0.018129174,0.7588288,,,
1999-11-11,AA,equity,47.5889,56.9745,USA,57.267,56.2725,56.2725,687800.0,0.03168868,,,0.029201837,True,,0.021795474,0.021795474,-0.006676662,-0.006676662,0.01865414,0.01865414,,-0.0836463670404318,-0.0216387676142988,0.8805878,3.5496428e+07,47.54255,0.0,,,,0.023340201,,0.020384388,0.018960282,0.018379053,0.780559,,,
1999-11-12,AA,equity,48.7127,58.3199,USA,58.5539,57.0915,57.6764,858667.0,0.027181901,,,0.02929059,True,,0.023340201,0.023340201,0.01666354,0.01666354,0.018219845,0.018219845,,-0.0803746157736711,-0.0223836319078655,0.9013826,3.578585e+07,47.5669,0.0,,,,0.025743207,,0.0160707,0.01910592,0.01837865,0.96970457,,,
1999-11-15,AA,equity,49.983,59.8408,USA,60.0162,58.0275,58.2614,1.026667e+06,0.025074545,,,0.02937475,True,,0.025743207,0.025743207,0.049545877,0.049545877,0.06564592,0.06564592,,-0.0786519887378635,0.0075437927232016,0.9248884,3.7361548e+07,47.5669,0.0,,,,-0.00785147,,0.017635293,0.019751644,0.018018939,1.1316001,,,
1999-11-16,AA,equity,49.5921,59.3728,USA,60.2502,58.9633,60.0748,933667.0,0.008409283,,,0.02872861,True,,-0.00785147,-0.00785147,0.042718716,0.042718716,0.05466948,0.05466948,,-0.0869165594087844,0.0044767908754472,0.9176551,3.8067524e+07,47.5669,0.0,,,,-0.011892887,,0.017887326,0.019858774,0.017801184,1.0175503,,,
1999-11-17,AA,equity,49.0058,58.6709,USA,59.3144,58.4954,59.1388,1.064667e+06,0.011170522,,,0.028482482,True,,-0.011892887,-0.011892887,0.0075334962,0.0075334962,0.051134527,0.051134527,,-0.0642376551498772,0.049694477711603,0.9068062,3.8586748e+07,47.5779,0.0,,,,-0.0009962477,,0.017515756,0.019983526,0.017745955,1.1303236,,,
1999-11-18,AA,equity,48.957,58.6124,USA,59.3144,58.2029,59.3144,735800.0,0.0013539655,,,0.028412784,True,,-0.0009962477,-0.0009962477,0.0065372484,0.0065372484,0.028342804,0.028342804,,-0.0775626254770387,0.045301828960105,0.9059032,3.8586748e+07,47.626602,0.0,,,,0.018783987,,0.017577516,0.019983368,0.017492844,0.7757075,,,
1999-11-19,AA,equity,49.8853,59.7238,USA,59.8993,58.7879,59.4313,796267.0,0.023590062,,,0.027562708,True,,0.018783987,0.018783987,0.019333625,0.019333625,0.02378659,0.02378659,,-0.0557653540439284,0.0388029164657321,0.9230805,3.9247804e+07,47.626602,0.0,,,,0.012652834,,0.017038357,0.019769676,0.01764573,0.8240284,,,
1999-11-22,AA,equity,50.5205,60.4843,USA,60.8352,59.2558,59.7238,1.194533e+06,0.010592286,,,0.027886407,True,,0.012652834,0.012652834,0.034974765,0.034974765,0.0106962165,0.0106962165,,-0.0345817672964533,0.1094229401143871,0.9348343,4.0775004e+07,47.626602,0.0,,,,0.007705718,,0.014515663,0.019918086,0.017675394,1.2028284,,,
1999-11-23,AA,equity,50.9113,60.9522,USA,61.5372,60.3673,60.4843,1.4862e+06,0.0051848455,,,0.028260138,True,,0.007705718,0.007705718,0.06590225,0.06590225,0.026253404,0.026253404,,-0.0147492627641362,0.0905154146171915,0.9420657,4.406525e+07,47.626602,0.0,,,,-0.009643465,,0.014429574,0.019938948,0.017691623,1.4593478,,,
1999-11-24,AA,equity,50.4227,60.3673,USA,60.6012,59.6653,60.6012,950933.0,0.010141057,,,0.02802116,True,,-0.009643465,-0.009643465,0.09797559,0.09797559,0.028502826,0.028502826,,-0.0316503431989202,0.0842997729072017,0.9330246,4.6513124e+07,47.626602,0.0,,,,0.011560615,,0.014597166,0.020065205,0.017716827,0.94009054,,,
1999-11-26,AA,equity,51.009,61.0692,USA,61.4787,60.9522,61.3031,376600.0,0.030697333,,,0.02672609,True,,0.011560615,0.011560615,0.12131876,0.12131876,0.041059688,0.041059688,,-0.0803132267797677,0.0707237490137624,0.9438735,4.406525e+07,47.711052,0.0,,,,-0.0038380572,,0.013859777,0.01938311,0.017775685,0.3954193,,,
1999-11-29,AA,equity,50.8136,60.8352,USA,61.0692,60.5427,60.9522,1.027867e+06,0.003734002,,,0.024030752,True,,-0.0038380572,-0.0038380572,0.07115697,0.07115697,0.018437644,0.018437644,,-0.0955147055903634,-0.0279745221800834,0.9402578,4.406525e+07,48.27295,0.0,,,,0.007663377,,0.012919359,0.016712537,0.017760195,1.142489,,,
1999-11-30,AA,equity,51.2045,61.3031,USA,61.6542,60.7767,60.8352,1.447267e+06,0.005295068,,,0.022945156,True,,0.007663377,0.007663377,0.07369028,0.07369028,0.013448187,0.013448187,,-0.0590514507877777,0.0288523165318701,0.94749105,4.406525e+07,48.83485,0.0,,,,0.019839216,,0.010636397,0.016302707,0.017786006,1.5870429,,,
1999-12-01,AA,equity,52.2305,62.5316,USA,62.707,61.3617,62.707,1.4286e+06,0.0138871735,,,0.021187777,True,,0.019839216,0.019839216,0.097631045,0.097631045,0.025581686,0.025581686,,-0.0569495550954267,0.0244178538909982,0.9664762,4.406525e+07,48.9814,0.0,,,,0.047497876,,0.011253409,0.013970162,0.017915323,1.5152305,,,
1999-12-02,AA,equity,54.7712,65.5733,USA,66.2167,62.8825,62.9411,1.7924e+06,0.026499595,,,0.022561053,True,,0.047497876,0.047497876,0.16026437,0.16026437,0.08272303,0.08272303,,-0.0544206534858209,-0.0147766000499343,1.0,4.406525e+07,49.29895,0.0,,,,0.015930172,,0.015937129,0.01671414,0.018895896,1.7960398,,,
1999-12-03,AA,equity,55.6507,66.6262,USA,66.6848,65.3979,66.0998,2.552267e+06,0.0062415777,,,0.022567702,True,,0.015930172,0.015930172,0.17514922,0.17514922,0.087092586,0.087092586,,-0.0686246687459505,-0.0156697970960004,1.0,4.7125556e+07,49.7387,0.0,,,,0.006126652,,0.0153967,0.016659763,0.018991508,2.3364775,,,
1999-12-06,AA,equity,55.9927,67.0357,USA,68.7905,66.9772,67.0357,1.693533e+06,0.003617675,,,0.022467125,True,,0.006126652,0.006126652,0.15750137,0.15750137,0.09705729,0.09705729,,-0.0775128429288778,-0.0458921414405432,1.0,4.9632252e+07,49.93415,0.0,,,,0.016443066,,0.015371747,0.015894132,0.01900041,1.4901257,,,
1999-12-07,AA,equity,56.921,68.1471,USA,68.7321,66.6262,66.9187,1.213267e+06,0.013552718,,,0.023166364,True,,0.016443066,0.016443066,0.1956273,0.1956273,0.10583698,0.10583698,,-0.0625298071698995,-0.0219660102545798,1.0,5.1745376e+07,50.20285,0.0,,,,-0.014535653,,0.015448512,0.015899064,0.019066775,1.0670898,,,
1999-12-08,AA,equity,56.0996,67.1637,USA,68.0886,66.7432,68.0886,1.289533e+06,0.011272029,,,0.023095049,True,,-0.014535653,-0.014535653,0.17796668,0.17796668,0.07146211,0.07146211,,-0.084384052220335,-0.0688117901576214,0.9855695,5.220224e+07,50.4716,0.0,,,,0.022230664,,0.017578272,0.01629539,0.019182732,1.110441,,,
1999-12-09,AA,equity,57.3607,68.6735,USA,68.7905,67.2697,67.5036,1.372067e+06,0.016202316,,,0.021589931,True,,0.022230664,0.022230664,0.20855528,0.20855528,0.0461949,0.0461949,,-0.08413583292601,-0.0399488862168437,1.0,5.220224e+07,50.66705,0.0,,,,0.03350456,,0.016539292,0.015238351,0.019356225,1.1468008,,,
1999-12-10,AA,equity,59.3151,71.0134,USA,71.9493,69.0246,69.2586,1.877133e+06,0.017848795,,,0.022386465,True,,0.03350456,0.03350456,0.22026436,0.22026436,0.06376929,0.06376929,,-0.0856806699373724,-0.0772351402220725,1.0,5.6289012e+07,50.86245,0.0,,,,-0.0016485276,,0.017754167,0.016014371,0.019586448,1.4946555,,,
1999-12-13,AA,equity,59.2174,70.8964,USA,71.5984,70.0775,70.0775,1.382733e+06,0.0011922241,,,0.022646582,True,,-0.0016485276,-0.0016485276,0.19527563,0.19527563,0.05599411,0.05599411,,-0.0655338896769024,-0.0523461926371306,0.9983528,6.4704388e+07,50.96015,0.0,,,,-0.014125594,,0.01750663,0.015696425,0.019412363,1.0784907,,,
1999-12-14,AA,equity,58.3868,69.902,USA,72.1248,69.4925,70.5454,1.913267e+06,0.0073829703,,,0.023540068,True,,-0.014125594,-0.014125594,0.15540683,0.15540683,0.02542545,0.02542545,,-0.0407147082740967,-0.0337005446346292,0.98434967,7.070133e+07,51.10675,0.0,,,,0.0561353,,0.019772692,0.016366119,0.019478578,1.4424183,,,
1999-12-15,AA,equity,61.7581,73.9382,USA,73.9966,68.966,69.902,2.0034e+06,0.028020017,,,0.025589397,True,,0.0561353,0.0561353,0.21939361,0.21939361,0.096096404,0.096096404,,0.0025634233416138,-0.0443733620087704,1.0,7.322443e+07,51.7175,0.0,,,,-0.035430305,,0.024017606,0.018989602,0.019909792,1.4518268,,,
1999-12-16,AA,equity,59.6083,71.3644,USA,73.7042,70.8964,73.7042,1.653867e+06,0.021422705,,,0.025823075,True,,-0.035430305,-0.035430305,0.19585618,0.19585618,0.038435437,0.038435437,,-0.0280575979004089,-0.0544791226796492,0.96519,7.436154e+07,53.500847,0.0,,,,0.023492077,,0.02642016,0.021060906,0.020504683,1.1734741,,,
1999-12-17,AA,equity,61.0252,73.0607,USA,75.693,72.5343,72.6513,2.712333e+06,0.008661207,,,0.026778977,True,,0.023492077,0.023492077,0.22034451,0.22034451,0.028422954,0.028422954,,-0.0312283264401499,-0.0039208680619523,0.9881328,7.514043e+07,55.21095,0.0,,,,-0.020219369,,0.026763612,0.020997232,0.020376863,1.7983868,,,
1999-12-20,AA,equity,59.8037,71.5984,USA,73.0607,70.9549,73.0607,1.037533e+06,0.019487929,,,0.02747626,True,,-0.020219369,-0.020219369,0.18134116,0.18134116,0.009852112,0.009852112,,0.0065586627932512,0.0130718783990164,0.968354,7.514043e+07,55.8217,0.0,,,,-0.005735108,,0.028351512,0.021469606,0.02050922,0.68246776,,,
1999-12-21,AA,equity,59.4617,71.1889,USA,71.9493,70.6039,70.8964,744667.0,0.0077015744,,,0.02747442,True,,-0.005735108,-0.005735108,0.16295321,0.16295321,0.018242598,0.018242598,,0.0328818328606019,0.0395868151163951,0.96281624,7.514043e+07,56.04615,0.0,,,,0.006552459,,0.028362092,0.021598596,0.020431848,0.4971827,,,
1999-12-22,AA,equity,59.8526,71.6568,USA,72.7683,71.5398,72.0663,689867.0,0.009498149,,,0.02739705,True,,0.006552459,0.006552459,0.16179995,0.16179995,-0.031340245,-0.031340245,,0.0697580193406499,0.0778925124267384,0.9691458,7.514043e+07,56.5103,0.0,,,,0.032921005,,0.027573492,0.021487467,0.020409169,0.47317386,,,
1999-12-23,AA,equity,61.8558,74.0552,USA,74.3477,71.4814,71.5984,762200.0,0.04319208,,,0.027988276,True,,0.032921005,0.032921005,0.20436443,0.20436443,0.037011065,0.037011065,,0.091535757159586,0.0472042131435854,1.0,7.514043e+07,57.14085,0.0,,,,-0.013518988,,0.028445633,0.022109386,0.02075008,0.52619225,,,
1999-12-27,AA,equity,61.0252,73.0607,USA,74.7571,73.0607,73.8212,612133.0,0.02208505,,,0.028159134,True,,-0.013518988,-0.013518988,0.17928483,0.17928483,0.0,0.0,,0.0589533336580638,0.0269054024762871,0.98657197,7.436154e+07,57.87375,0.0,,,,0.04385952,,0.027550004,0.02263459,0.020817243,0.419184,,,
1999-12-28,AA,equity,63.7613,76.3365,USA,76.512,74.1136,74.2891,948133.0,0.046258826,,,0.028899226,True,,0.04385952,0.04385952,0.2269824,0.2269824,0.06407889,0.06407889,,0.0756672108404437,0.0440041273900706,1.0,7.436154e+07,58.8021,0.0,,,,0.0022966024,,0.030342802,0.023480501,0.020973202,0.65105164,,,
1999-12-29,AA,equity,63.9079,76.512,USA,77.2139,76.1025,77.1554,675267.0,0.0034010287,,,0.029167289,True,,0.0022966024,0.0022966024,0.22161563,0.22161563,0.07211059,0.07211059,,0.0682554549437393,0.0578629381465527,1.0,7.436154e+07,59.26625,0.0,,,,-0.014632164,,0.029480921,0.023546714,0.020613316,0.4763083,,,
1999-12-30,AA,equity,62.9796,75.4005,USA,77.1554,75.1665,76.629,420200.0,0.0348219,,,0.029960737,True,,-0.014632164,-0.014632164,0.18714425,0.18714425,0.050925974,0.050925974,,0.0591280070016477,0.0480054253193331,0.98547435,7.436154e+07,59.3884,0.0,,,,0.029807186,,0.025084436,0.023962965,0.020533033,0.30732325,,,
1999-12-31,AA,equity,64.8851,77.6819,USA,78.0328,75.6346,75.6346,348467.0,0.085538045,,,0.030727929,True,,0.029807186,0.029807186,0.16945356,0.16945356,0.047812153,0.047812153,,0.1128499887755205,0.0721976088868618,1.0,7.347939e+07,59.535,0.0,,,,-0.025164057,,0.022644805,0.024333056,0.020198083,0.26906708,,,
2000-01-03,AA,equity,63.2727,75.7516,USA,78.2084,75.2251,76.7459,1.0342e+06,0.024331907,,,0.031509783,True,,-0.025164057,-0.025164057,0.12835933,0.12835933,0.036167085,0.036167085,0.9300447966340352,0.1272276045812514,0.1067169159423542,0.9751499,7.070133e+07,59.706,0.0,,,,0.004623169,,0.024232963,0.0254019,0.02052204,0.8482681,,,
2000-01-04,AA,equity,63.5659,76.1025,USA,76.5704,75.1665,75.3421,1.489867e+06,0.003103075,,,0.030003017,True,,0.004623169,0.004623169,0.12685585,0.12685585,-0.0030692639,-0.0030692639,0.921945430492612,0.1140723746650183,0.1680036041307231,0.9796686,7.070133e+07,59.828148,0.0,,,,0.056046907,,0.022745617,0.02388433,0.020513143,1.2323066,,,
2000-01-05,AA,equity,67.2303,80.4896,USA,80.9576,75.81,76.7459,2.081067e+06,0.026931813,,,0.03210236,True,,0.056046907,0.056046907,0.16645968,0.16645968,0.05068104,0.05068104,0.8596170695088441,0.1593363495147748,0.1551817059115925,1.0,7.070133e+07,60.4389,0.0,,,,-0.013168241,,0.027139703,0.02605026,0.021449031,1.6616676,,,
2000-01-06,AA,equity,66.3508,79.4367,USA,80.8406,79.3783,80.3727,2.996467e+06,0.004394589,,,0.031717908,True,,-0.013168241,-0.013168241,0.1678271,0.1678271,0.052144963,0.052144963,0.9149201246036036,0.1857282067447965,0.1708188898456415,0.9869181,7.070133e+07,61.0252,0.0,,,,-0.002949244,,0.028294004,0.026458822,0.021451754,2.2399416,,,
2000-01-07,AA,equity,66.1554,79.2027,USA,81.3086,79.1442,80.4896,3.023133e+06,0.0009755588,,,0.031529848,True,,-0.002949244,-0.002949244,0.14264719,0.14264719,0.019388534,0.019388534,0.7126930294358207,0.16861753132825,0.1620406443915609,0.9840117,7.5522504e+07,61.391647,0.0,,,,-0.0029580835,,0.027367113,0.026477227,0.021217123,2.1285222,,,
2000-01-10,AA,equity,65.96,78.9688,USA,81.6596,78.9688,81.5426,2.5572e+06,0.0011567665,,,0.032145604,True,,-0.0029580835,-0.0029580835,0.10618454,0.10618454,0.04159451,0.04159451,0.6903805186673246,0.168808920864629,0.190554982187316,0.9811052,8.029229e+07,61.80695,0.0,,,,-0.005943944,,0.026694827,0.026145246,0.021239577,1.7583717,,,
2000-01-11,AA,equity,65.5691,78.5007,USA,79.0858,76.7459,76.7459,1.487733e+06,0.003995303,,,0.032494526,True,,-0.005943944,-0.005943944,0.101889126,0.101889126,0.031027393,0.031027393,0.8082053793916353,0.2244232671240209,0.2360995719667515,0.9752909,8.82933e+07,62.4177,0.0,,,,-0.008981869,,0.023691813,0.026072087,0.021278683,1.0193093,,,
2000-01-12,AA,equity,64.9828,77.7989,USA,78.5007,77.4479,78.2084,1.249067e+06,0.007190862,,,0.031222211,True,,-0.008981869,-0.008981869,0.10703285,0.10703285,-0.03400138,-0.03400138,0.8348215847596498,0.2474830729569517,0.255646085031344,0.9665702,8.152486e+07,63.126152,0.0,,,,-0.018209623,,0.02398486,0.02551141,0.021298159,0.8757147,,,
2000-01-13,AA,equity,63.8102,76.395,USA,77.8573,76.1025,77.7989,1.396933e+06,0.013035431,,,0.03128246,True,,-0.018209623,-0.018209623,0.03268793,0.03268793,-0.039042763,-0.039042763,0.8589549176607074,0.2187351796154957,0.2317006446778289,0.94912857,8.5153224e+07,63.4193,0.0,,,,-0.020109914,,0.024279865,0.02593148,0.0214979,1.0006564,,,
2000-01-14,AA,equity,62.5398,74.874,USA,76.395,74.1722,76.395,1.252333e+06,0.01605796,,,0.030934766,True,,-0.020109914,-0.020109914,0.04800832,0.04800832,-0.056203432,-0.056203432,0.8649078565081474,0.2891059085976624,0.3041543352991827,0.93023235,7.9744264e+07,63.4193,0.0,,,,-0.025317881,,0.02285991,0.02615445,0.021598965,0.9101654,,,
2000-01-18,AA,equity,60.9763,73.0022,USA,75.4591,72.9437,75.4591,1.640267e+06,0.01543522,,,0.02927673,True,,-0.025317881,-0.025317881,-0.00080163946,-0.00080163946,-0.07856323,-0.07856323,0.8026086329565871,0.2531466487860621,0.2704701248057723,0.90697646,7.9744264e+07,63.4193,0.0,,,,0.0016010128,,0.022876019,0.023966465,0.021927027,1.2404307,,,
2000-01-19,AA,equity,61.074,73.1192,USA,73.9382,72.6513,73.0022,1.662867e+06,0.0009628027,,,0.028309578,True,,0.0016010128,0.0016010128,0.021018742,0.021018742,-0.07101827,-0.07101827,0.8908353749807341,0.2842489823275367,0.3074297417691021,0.9084297,7.9744264e+07,63.4193,0.0,,,,-0.061023317,,0.022773623,0.022667402,0.021926815,1.2284743,,,
2000-01-20,AA,equity,57.4585,68.7905,USA,71.1889,67.8547,70.7794,3.4518e+06,0.017678695,,,0.028552283,True,,-0.061023317,-0.061023317,-0.034269467,-0.034269467,-0.12305973,-0.12305973,0.8502303231038191,0.2295673936640794,0.2526145239764208,0.8546518,7.9744264e+07,63.4193,0.0,,,,0.025188895,,0.01808449,0.025657045,0.023453515,2.3182623,,,
2000-01-21,AA,equity,58.9242,70.5454,USA,72.0663,68.9076,69.4925,2.448267e+06,0.010288459,,,0.029259942,True,,0.025188895,0.025188895,-0.015633034,-0.015633034,-0.079661205,-0.079661205,0.901916322909,0.2225358740596197,0.2873145465167539,0.876453,8.5153224e+07,63.4193,0.0,,,,-0.026040316,,0.022266747,0.026007785,0.023378264,1.5526019,,,
2000-01-24,AA,equity,57.4096,68.7321,USA,71.4814,68.0886,71.1303,1.224067e+06,0.021273604,,,0.030611854,True,,-0.026040316,-0.026040316,-0.074594356,-0.074594356,-0.08559161,-0.08559161,0.8712358373744593,0.2232266176606792,0.3151180404355631,0.85392445,8.5153224e+07,63.4193,0.0,,,,-0.015438254,,0.02243547,0.026550598,0.022947598,0.7650546,,,
2000-01-25,AA,equity,56.5301,67.6792,USA,69.6095,67.2112,68.7321,1.679667e+06,0.009191259,,,0.031431466,True,,-0.015438254,-0.015438254,-0.07651362,-0.07651362,-0.07571198,-0.07571198,0.9309602852868766,0.2679500321344426,0.3142967538056556,0.8408426,9.1921656e+07,63.4193,0.0,,,,-0.014802082,,0.022086298,0.026642993,0.022994466,1.0159173,,,
2000-01-26,AA,equity,55.6995,66.6848,USA,68.0886,66.2753,67.7377,2.093867e+06,0.007069256,,,0.030871488,True,,-0.014802082,-0.014802082,-0.13517523,-0.13517523,-0.092115074,-0.092115074,0.9385017819858475,0.2803125432676185,0.2781993816181083,0.82848805,9.482824e+07,63.4193,0.0,,,,-0.010581916,,0.02183994,0.02553321,0.022422565,1.2240278,,,
2000-01-27,AA,equity,55.1132,65.9828,USA,67.5622,65.6318,67.3866,1.5084e+06,0.007015325,,,0.03114575,True,,-0.010581916,-0.010581916,-0.14805374,-0.14805374,-0.041673675,-0.041673675,0.9785607724731852,0.3947016889060222,0.3646311224692653,0.8197673,9.482824e+07,63.4193,0.0,,,,-0.014285085,,0.021786056,0.025492907,0.022485554,0.86081475,,,
2000-01-28,AA,equity,54.3315,65.0468,USA,67.5036,64.7544,66.6848,2.0288e+06,0.00704115,,,0.031587906,True,,-0.014285085,-0.014285085,-0.14770666,-0.14770666,-0.081147656,-0.081147656,0.9875568544608848,0.4144767898229036,0.3749074774927896,0.8081401,9.625053e+07,63.126152,0.0,,,,0.0026945951,,0.021786653,0.02313086,0.022574136,1.1069864,,,
2000-01-31,AA,equity,54.4781,65.2223,USA,66.3337,64.8129,65.3979,1.1848e+06,0.0022743037,,,0.031983104,True,,0.0026945951,0.0026945951,-0.17481925,-0.17481925,-0.05241274,-0.05241274,0.9734469528650872,0.3308313393368722,0.3204765344357803,0.8103206,9.625053e+07,62.759697,0.0,,,,0.034379523,,0.02249989,0.023138857,0.02245799,0.63204837,,,
2000-02-01,AA,equity,56.3836,67.5036,USA,68.1471,65.8074,66.2167,1.486467e+06,0.023128346,,,0.03238393,True,,0.034379523,0.034379523,-0.11527567,-0.11527567,-0.0025949646,-0.0025949646,1.0611138473354065,0.3640809801484068,0.3440224636408295,0.83866346,9.625053e+07,61.8069,0.0,,,,0.03694756,,0.026642663,0.024701566,0.022828598,0.78352493,,,
2000-02-02,AA,equity,58.5058,69.785,USA,70.721,66.9772,67.0943,1.861667e+06,0.019846492,,,0.03343684,True,,0.03694756,0.03694756,-0.08295128,-0.08295128,0.049154676,0.049154676,0.9692777615055383,0.3356504711016885,0.2691293802655119,0.8702296,9.878336e+07,61.02515,0.0,,,,-0.031506866,,0.030147197,0.0252225,0.02309226,0.9717726,,,
2000-02-03,AA,equity,56.6912,67.6207,USA,69.785,66.8017,69.785,961667.0,0.032762762,,,0.03365486,True,,-0.031506866,-0.031506866,-0.17050505,-0.17050505,0.028229728,0.028229728,0.8958030799000094,0.3623035407065325,0.2888567625997604,0.84323883,9.878336e+07,59.95025,0.0,,,,-0.02451884,,0.024977775,0.025502207,0.023306644,0.51708823,,,
2000-02-04,AA,equity,55.3181,65.9828,USA,67.8547,65.2809,67.8547,983133.0,0.024939494,,,0.034571223,True,,-0.02451884,-0.02451884,-0.18185565,-0.18185565,0.017995972,0.017995972,0.9420844281237836,0.4393312833938321,0.3781191306943237,0.822815,9.878336e+07,58.714996,0.0,,,,-0.034269366,,0.02403922,0.025734754,0.023579646,0.55888194,,,
2000-02-07,AA,equity,53.4545,63.7599,USA,66.2753,63.7599,66.2753,1.649e+06,0.020781908,,,0.033344686,True,,-0.034269366,-0.034269366,-0.21317577,-0.21317577,-0.01896799,-0.01896799,0.9383361867671324,0.3871286381747587,0.2979167398884701,0.7950953,9.625053e+07,57.982147,0.0,,,,-0.032636374,,0.02491439,0.022285067,0.024019387,0.9755087,,,
2000-02-08,AA,equity,51.7381,61.7126,USA,64.6375,61.6542,64.5789,2.272067e+06,0.014364178,,,0.034662448,True,,-0.032636374,-0.032636374,-0.24285406,-0.24285406,-0.08598389,-0.08598389,0.9408493509179456,0.4133595083448742,0.2782664348591115,0.76956517,9.625053e+07,57.43405,0.0,,,,-0.020104783,,0.026115628,0.022780318,0.024296917,1.3555325,,,
2000-02-09,AA,equity,50.7083,60.4843,USA,62.473,60.3087,61.6542,3.485666e+06,0.0057678455,,,0.03503862,True,,-0.020104783,-0.020104783,-0.2570149,-0.2570149,-0.14303623,-0.14303623,0.968626114217767,0.4047880710698046,0.2205276858533993,0.7542477,9.625053e+07,57.0504,0.0,,,,0.013447331,,0.026302896,0.022774212,0.024279136,1.9626055,,,
2000-02-10,AA,equity,51.3948,61.3031,USA,63.2335,60.5427,60.8352,1.803733e+06,0.0074552777,,,0.035492036,True,,0.013447331,0.013447331,-0.2345857,-0.2345857,-0.098082036,-0.098082036,0.9626236434742724,0.408183310346353,0.242394281120146,0.76445884,9.382712e+07,56.61065,0.0,,,,0.032852773,,0.027261848,0.023348698,0.024115248,0.9999776,,,
2000-02-11,AA,equity,53.1113,63.3506,USA,64.3449,62.0635,62.1221,1.636933e+06,0.02006971,,,0.0357677,True,,0.032852773,0.032852773,-0.18352331,-0.18352331,-0.040710423,-0.040710423,0.9838322381886424,0.3655033268150389,0.2544312884907009,0.78999054,9.0920536e+07,56.45685,0.0,,,,0.06522926,,0.029815089,0.025169874,0.024447598,0.9015073,,,
2000-02-14,AA,equity,56.6912,67.6207,USA,67.8547,63.8185,64.111,1.376333e+06,0.047393516,,,0.03794063,True,,0.06522926,0.06522926,-0.09818413,-0.09818413,0.058788206,0.058788206,1.0398702113927518,0.3099294410176807,0.2248861865540976,0.84323883,9.0920536e+07,56.45685,0.0,,,,0.022242824,,0.03672886,0.02980045,0.025743669,0.75540787,,,
2000-02-15,AA,equity,57.9663,69.1416,USA,69.4341,67.2112,67.2112,1.727e+06,0.012879457,,,0.038383346,True,,0.022242824,0.022242824,-0.050623428,-0.050623428,0.113667406,0.113667406,1.0434704001582484,0.2512213472231466,0.202748612224398,0.86220497,9.382712e+07,56.45685,0.0,,,,-0.0016938407,,0.035801616,0.03026877,0.025865806,0.94562256,,,
2000-02-16,AA,equity,57.8682,69.0246,USA,70.6039,68.4981,68.966,2.334333e+06,0.00072562083,,,0.0384175,True,,-0.0016938407,-0.0016938407,-0.053918283,-0.053918283,0.13207835,0.13207835,0.9239978196914695,0.2295567530861473,0.1704872733460996,0.8607458,9.748458e+07,56.45685,0.0,,,,0.04231273,,0.03372796,0.030066608,0.02578651,1.2550964,,,
2000-02-17,AA,equity,60.3693,72.0079,USA,72.4758,69.2586,69.2586,1.870933e+06,0.022615844,,,0.03894014,True,,0.04231273,0.04231273,0.049417764,0.049417764,0.16094375,0.16094375,0.902409413788924,0.2462607156957621,0.2027128715474515,0.8979478,9.752978e+07,56.45685,0.0,,,,-0.022177454,,0.034403987,0.031169893,0.026264803,1.0505902,,,
2000-02-18,AA,equity,59.0452,70.4285,USA,72.0663,70.3115,71.7154,3.366667e+06,0.006587362,,,0.0392625,True,,-0.022177454,-0.022177454,0.0020514175,0.0020514175,0.10591352,0.10591352,0.7857565344299087,0.1736523694025082,0.0897213550615856,0.8782528,9.752978e+07,56.45685,0.0,,,,-0.037229355,,0.034178276,0.031505674,0.026456084,1.8429717,,,
2000-02-22,AA,equity,56.8874,67.8547,USA,69.902,67.3866,69.8434,1.418533e+06,0.02624497,,,0.03874818,True,,-0.037229355,-0.037229355,-0.009137621,-0.009137621,0.003454903,0.003454903,0.8409898895057453,0.1811936286947322,0.1439259184270003,0.8461572,9.382712e+07,56.45685,0.0,,,,-0.019147744,,0.034581225,0.02972435,0.026906043,0.77241814,,,
2000-02-23,AA,equity,55.8085,66.5678,USA,68.4396,66.5678,68.3226,1.0878e+06,0.017602265,,,0.037971642,True,,-0.019147744,-0.019147744,-0.0128471125,-0.0128471125,-0.037935667,-0.037935667,0.7882660348347263,0.1363624488301786,0.1327235072321699,0.8301093,9.042448e+07,56.096046,0.0,,,,-0.020417187,,0.033129618,0.029404258,0.027013157,0.6020289,,,
2000-02-24,AA,equity,54.6806,65.2223,USA,67.8547,65.1054,66.9187,1.337467e+06,0.015265564,,,0.03764152,True,,-0.020417187,-0.020417187,-0.018462218,-0.018462218,-0.056659013,-0.056659013,0.7780284485233266,0.1103645171934974,0.1416901189477302,0.8133327,9.042448e+07,55.753998,0.0,,,,0.007148771,,0.033158753,0.02921343,0.027153105,0.75602835,,,
2000-02-25,AA,equity,55.0729,65.6903,USA,66.2753,64.6375,65.1639,910000.0,0.0078557925,,,0.037185326,True,,0.007148771,0.007148771,-0.00073153106,-0.00073153106,-0.09182297,-0.09182297,0.77783841375789,0.1046513211370427,0.1315931175457076,0.8191678,8.754306e+07,55.5088,0.0,,,,0.012390032,,0.033093873,0.029123297,0.027151117,0.52324414,,,
2000-02-28,AA,equity,55.7595,66.5092,USA,69.6095,64.7544,65.1639,1.3796e+06,0.008980888,,,0.03924337,True,,0.012390032,0.012390032,0.025943587,0.025943587,-0.057255484,-0.057255484,0.7219215409627513,0.0804603572185234,0.1087145503371898,0.82938045,8.5376e+07,55.5388,0.0,,,,-0.036726464,,0.031923614,0.029094962,0.027081447,0.80834836,,,
2000-02-29,AA,equity,53.7488,64.111,USA,66.4508,63.3506,66.4508,1.482067e+06,0.02478057,,,0.040097095,True,,-0.036726464,-0.036726464,-0.013477472,-0.013477472,-0.056752592,-0.056752592,0.7724692925144669,0.0692315141796691,0.0876633135666298,0.7994728,8.5376e+07,55.5388,0.0,,,,0.018083367,,0.026286304,0.030067543,0.026816702,0.86088943,,,
2000-03-01,AA,equity,54.7296,65.2809,USA,66.2753,61.8881,64.0524,1.593533e+06,0.011347972,,,0.041319337,True,,0.018083367,0.018083367,-0.029773628,-0.029773628,-0.01952148,-0.01952148,0.8173844545501399,0.0639319130396949,0.0832057492225681,0.81406146,8.5376e+07,55.5388,0.0,,,,-0.04302679,,0.025830483,0.030185368,0.02684024,0.92276734,,,
2000-03-02,AA,equity,52.4247,62.5316,USA,64.7544,62.0051,64.5789,1.5646e+06,0.027500186,,,0.042236872,True,,-0.04302679,-0.04302679,-0.109747976,-0.109747976,-0.042131085,-0.042131085,0.8629229960162477,0.0795148259790159,0.1178483217779302,0.7797779,8.5376e+07,55.5388,0.0,,,,0.016697267,,0.028299086,0.031557698,0.027386025,0.91387343,,,
2000-03-03,AA,equity,53.3074,63.5845,USA,64.9884,61.5372,62.1221,2.387467e+06,0.0069937166,,,0.04312872,True,,0.016697267,0.016697267,-0.06154385,-0.06154385,-0.03258259,-0.03258259,0.881935451967401,0.068185473112057,0.1678130749094251,0.79290736,8.7076536e+07,55.1955,0.0,,,,-0.01763434,,0.023861289,0.030810116,0.027388804,1.3387591,,,
2000-03-06,AA,equity,52.3756,62.473,USA,64.111,61.7712,64.111,1.003267e+06,0.017576916,,,0.042346798,True,,-0.01763434,-0.01763434,-0.054659348,-0.054659348,-0.06260696,-0.06260696,0.8523690835855664,0.0186969911979282,0.1315925390353054,0.7790475,8.448166e+07,54.90125,0.0,,,,-0.027527384,,0.023697995,0.029654017,0.027417487,0.5622591,,,
2000-03-07,AA,equity,50.9535,60.7767,USA,63.175,60.4843,62.2391,1.1396e+06,0.024155304,,,0.04233926,True,,-0.027527384,-0.027527384,-0.047917362,-0.047917362,-0.05340788,-0.05340788,0.8880349158608034,-0.012047976073279,0.0925046476229394,0.7578949,8.448166e+07,54.7051,0.0,,,,0.036848877,,0.02272848,0.029496547,0.02745096,0.6479123,,,
2000-03-08,AA,equity,52.8661,63.0581,USA,63.994,60.1332,61.2447,1.5036e+06,0.024507102,,,0.04340939,True,,0.036848877,0.036848877,0.021567889,0.021567889,-0.034642372,-0.034642372,0.7775032206899457,-0.060900248694853,0.0476405580717125,0.78634334,8.448166e+07,54.2147,0.0,,,,0.004627431,,0.026999215,0.03043475,0.02752751,0.87395406,,,
2000-03-09,AA,equity,53.1113,63.3506,USA,63.6429,61.3031,62.707,908000.0,0.0050962893,,,0.043353252,True,,0.004627431,0.004627431,0.046300102,0.046300102,0.013011852,0.013011852,0.7149139873938415,-0.077745714146997,0.0120713558319962,0.78999054,8.136018e+07,54.2147,0.0,,,,-0.01020988,,0.026611922,0.029592732,0.027540471,0.57050467,,,
2000-03-10,AA,equity,52.5718,62.707,USA,64.228,62.0635,62.7655,1.316667e+06,0.007754337,,,0.042763855,True,,-0.01020988,-0.01020988,0.022642892,0.022642892,-0.013895295,-0.013895295,0.7538538997024569,-0.1159748278269731,-0.0108997725561843,0.78196585,8.017799e+07,54.2147,0.0,,,,0.015733851,,0.026448399,0.02880121,0.02751543,0.840129,,,
2000-03-13,AA,equity,53.4055,63.7015,USA,64.7544,61.3617,62.473,987133.0,0.015938936,,,0.043606967,True,,0.015733851,0.015733851,0.0055239704,0.0055239704,0.019472895,0.019472895,0.7599390956824412,-0.1335292889658292,0.0091995340233095,0.7943665,7.957439e+07,54.2147,0.0,,,,-0.10546345,,0.026707605,0.02857954,0.026552388,0.6431965,,,
2000-03-14,AA,equity,48.06,57.3255,USA,61.7712,56.916,61.3617,3.100467e+06,0.034015343,,,0.04534954,True,,-0.10546345,-0.10546345,-0.16516875,-0.16516875,-0.05846317,-0.05846317,0.8157151039626247,-0.1031132440226376,0.0429051663128097,0.71485627,7.957439e+07,54.2147,0.0,,,,0.04489653,,0.040998526,0.036522534,0.029413188,1.9127625,,,
2000-03-15,AA,equity,50.2669,59.9578,USA,60.5427,57.7934,57.9105,2.347333e+06,0.019126615,,,0.04582091,True,,0.04489653,0.04489653,-0.14251503,-0.14251503,-0.050415516,-0.050415516,0.867120751529125,-0.0290407872231538,0.1164036216192867,0.7476822,7.957439e+07,54.2147,0.0,,,,0.073341325,,0.043899674,0.037170816,0.029873414,1.4209439,,,
2000-03-16,AA,equity,54.0921,64.5203,USA,64.8129,60.4843,60.7767,2.420867e+06,0.030295478,,,0.046174865,True,,0.073341325,0.073341325,-0.067479864,-0.067479864,0.018298378,0.018298378,0.8444980329363074,-0.0613975773826455,0.1626931385921233,0.80457914,8.017799e+07,53.92045,0.0,,,,-0.06363264,,0.048873678,0.037907626,0.03137577,1.461629,,,
2000-03-17,AA,equity,50.7573,60.5427,USA,63.6429,60.3087,63.175,1.865e+06,0.03411938,,,0.04714137,True,,-0.06363264,-0.06363264,-0.17342524,-0.17342524,-0.035124384,-0.035124384,0.7653292696479828,-0.0291922581642674,0.134143497724992,0.7549766,8.017799e+07,53.57715,0.0,,,,0.013436438,,0.052837048,0.039658982,0.032377154,1.126219,,,
2000-03-20,AA,equity,51.4439,61.3617,USA,62.5316,60.7767,60.8352,1.514067e+06,0.008874401,,,0.047058944,True,,0.013436438,0.013436438,-0.13781135,-0.13781135,-0.037421796,-0.037421796,0.8861397520091732,-0.0107480032680332,0.1934112001001455,0.76518923,7.957439e+07,53.35645,0.0,,,,0.041088868,,0.052918624,0.039868515,0.03242244,0.9684739,,,
2000-03-21,AA,equity,53.6017,63.9355,USA,64.3449,60.7182,60.8352,1.313267e+06,0.03128752,,,0.047631685,True,,0.041088868,0.041088868,-0.05949312,-0.05949312,0.109130524,0.109130524,0.9081863289226668,-0.0126831475633278,0.2139726089711815,0.79728484,7.868949e+07,53.35645,0.0,,,,-0.02126866,,0.053654723,0.039799638,0.032590494,0.84286976,,,
2000-03-22,AA,equity,52.4737,62.59,USA,63.7015,62.0051,62.8241,813867.0,0.026132846,,,0.047738045,True,,-0.02126866,-0.02126866,-0.06161404,-0.06161404,0.04296533,0.04296533,0.7936103786920012,-0.0432933945651934,0.1778612935132721,0.78050673,7.7407656e+07,53.20935,0.0,,,,0.038501266,,0.052972894,0.03978187,0.032650657,0.52698165,,,
2000-03-23,AA,equity,54.5334,65.0468,USA,66.1583,62.473,62.473,1.1896e+06,0.032364883,,,0.048676964,True,,0.038501266,0.038501266,-0.0026955851,-0.0026955851,0.008125269,0.008125269,0.7125999723499725,-0.0675676864244742,0.1817299606245181,0.8111432,7.502965e+07,53.20935,0.0,,,,0.02924532,,0.05441794,0.040167797,0.032528765,0.77397525,,,
2000-03-24,AA,equity,56.1518,66.9772,USA,67.7377,65.2223,65.8658,1.452467e+06,0.02013493,,,0.04913643,True,,0.02924532,0.02924532,0.019400965,0.019400965,0.10100323,0.10100323,0.7453167076294367,-0.115998844782406,0.1723493309093868,0.8352156,7.7407656e+07,53.20935,0.0,,,,0.0069621885,,0.054811474,0.040503155,0.03278266,0.928614,,,
2000-03-27,AA,equity,56.5441,67.4452,USA,67.9131,66.5678,66.5678,1.027867e+06,0.006773433,,,0.048166066,True,,0.0069621885,0.0069621885,0.013973121,0.013973121,0.09452898,0.09452898,0.7026606597398308,-0.0975384109532867,0.1566146008249864,0.84105086,7.7407656e+07,53.20935,0.0,,,,-0.013094736,,0.054718953,0.040256847,0.0327619,0.664625,,,
2000-03-28,AA,equity,55.8085,66.5678,USA,67.5036,66.0998,67.2112,979200.0,0.0133728925,,,0.04798394,True,,-0.013094736,-0.013094736,0.037604846,0.037604846,0.04034538,0.04034538,0.7742771880757602,-0.1254961966879099,0.1758447658360762,0.8301093,7.7407656e+07,53.20935,0.0,,,,0.01396269,,0.039564613,0.04035338,0.03252779,0.6436205,,,
2000-03-29,AA,equity,56.5932,67.5036,USA,67.7961,66.3337,66.8017,931133.0,0.014995377,,,0.045690205,True,,0.01396269,0.01396269,0.033484172,0.033484172,0.07557673,0.07557673,0.6869406928238848,-0.1589647463483267,0.129962226661364,0.84178114,7.414143e+07,53.20935,0.0,,,,-0.0034728944,,0.038146745,0.04037664,0.032458086,0.6256465,,,
2000-03-30,AA,equity,56.397,67.2697,USA,68.7905,66.9187,67.3866,1.1236e+06,0.0030908638,,,0.0447728,True,,-0.0034728944,-0.0034728944,0.07303807,0.07303807,0.03360257,0.03360257,0.7308538123476631,-0.1309948003976323,0.1320421651705894,0.83886284,6.980645e+07,53.20935,0.0,,,,-0.022868883,,0.031553797,0.03952325,0.032447506,0.7663225,,,
2000-03-31,AA,equity,55.1219,65.7488,USA,67.7377,65.7488,67.6207,942067.0,0.024275219,,,0.043015376,True,,-0.022868883,-0.022868883,0.03347192,0.03347192,-0.018511634,-0.018511634,0.6630461089562907,-0.1920379158622019,0.1169877658864582,0.81989664,6.7046244e+07,53.20935,0.0,,,,0.021127935,,0.023400584,0.039702844,0.031644415,0.67582387,,,
2000-04-03,AA,equity,56.2989,67.1527,USA,67.2697,65.6903,66.6848,1.013533e+06,0.020845829,,,0.042123523,True,,0.021127935,0.021127935,0.07223419,0.07223419,-0.0043458873,-0.0043458873,0.6781804115862078,-0.157497646136248,0.0971016596567289,0.83740366,6.41203e+07,53.35645,0.0,,,,-0.014919237,,0.023714332,0.038710758,0.031772807,0.72682476,,,
2000-04-04,AA,equity,55.4652,66.1583,USA,69.3755,63.526,67.1527,1.5484e+06,0.00963526,,,0.043645076,True,,-0.014919237,-0.014919237,0.08484234,0.08484234,-0.0061703883,-0.0061703883,0.5387661806403892,-0.1760425036422597,0.0485080736185223,0.82500297,6.41203e+07,53.5036,0.0,,,,-0.021448871,,0.021838091,0.038774226,0.03181171,1.0943477,,,
2000-04-05,AA,equity,54.2882,64.7544,USA,67.5622,64.5789,66.2753,939267.0,0.022835756,,,0.04400775,True,,-0.021448871,-0.021448871,0.026544591,0.026544591,-0.04158195,-0.04158195,0.5318002281217251,-0.2421051496764075,0.0549990399516744,0.807496,6.41203e+07,53.8469,0.0,,,,0.024980007,,0.02186079,0.038873687,0.031901352,0.67734456,,,
2000-04-06,AA,equity,55.6614,66.3923,USA,67.3282,65.1639,65.1639,1.124867e+06,0.022207076,,,0.043514688,True,,0.024980007,0.024980007,0.046897165,0.046897165,-0.013129049,-0.013129049,0.5598217337714353,-0.2032334099751492,0.1012600751939984,0.82792133,6.41203e+07,54.190147,0.0,,,,-0.04321175,,0.019766267,0.038609248,0.03210617,0.8048945,,,
2000-04-07,AA,equity,53.3074,63.5845,USA,66.1583,63.526,66.1583,1.4832e+06,0.029134138,,,0.042532343,True,,-0.04321175,-0.04321175,0.013895295,0.013895295,-0.03347192,-0.03347192,0.5235906456401052,-0.1971736411013063,0.1063678889379891,0.79290736,6.41203e+07,54.190147,0.0,,,,-0.0036854153,,0.021858135,0.03913677,0.032520577,1.0550125,,,
2000-04-10,AA,equity,53.1113,63.3506,USA,64.228,62.2976,63.6429,1.272467e+06,0.0028962756,,,0.042216934,True,,-0.0036854153,-0.0036854153,-0.0055239704,-0.0055239704,-0.05828527,-0.05828527,0.4556212080275479,-0.202974515439172,0.0712280444563251,0.78999054,6.6227656e+07,54.190147,0.0,,,,0.03893549,,0.021455575,0.039133918,0.032461725,0.8960235,,,
2000-04-11,AA,equity,55.22,65.8658,USA,65.8658,62.9995,63.2335,1.239867e+06,0.031402957,,,0.042680904,True,,0.03893549,0.03893549,0.13887496,0.13887496,-0.004430542,-0.004430542,0.2964702128018175,-0.1855081284944055,0.1024331607229478,0.8213559,6.6227656e+07,54.4108,0.0,,,,-0.0008877497,,0.025535604,0.03991818,0.032828964,0.9342702,,,
2000-04-12,AA,equity,55.171,65.8074,USA,66.6848,65.3393,66.0998,1.0916e+06,0.0008132555,,,0.0411618,True,,-0.0008877497,-0.0008877497,0.09309069,0.09309069,0.01613058,0.01613058,0.1545086087522842,-0.260419697218385,0.0124395634950451,0.82062703,6.6227656e+07,54.827652,0.0,,,,-0.007137894,,0.024990879,0.039807644,0.032686993,0.86339575,,,
2000-04-13,AA,equity,54.7786,65.3393,USA,65.9828,64.6375,65.7488,1.676467e+06,0.0042577004,,,0.038379245,True,,-0.007137894,-0.007137894,0.012611468,0.012611468,-0.015987322,-0.015987322,0.233304434608125,-0.2122435078461698,0.0492446839310642,0.8147903,6.6227656e+07,54.95025,0.0,,,,-0.051433016,,0.025032835,0.031979054,0.03269165,1.3662134,,,
2000-04-14,AA,equity,52.0324,62.0635,USA,65.2223,61.7712,65.1639,1.496467e+06,0.03436963,,,0.038737644,True,,-0.051433016,-0.051433016,0.02481109,0.02481109,-0.024208587,-0.024208587,0.2786218613846958,-0.1350771935815041,0.1290898687413586,0.77394265,6.6227656e+07,54.95025,0.0,,,,-0.025776932,,0.02889488,0.03297156,0.032419562,1.2381171,,,
2000-04-17,AA,equity,50.7083,60.4843,USA,63.0581,60.0162,62.0051,1.430067e+06,0.018024981,,,0.037843946,True,,-0.025776932,-0.025776932,-0.014402279,-0.014402279,-0.046300102,-0.046300102,0.2409218042518268,-0.1675896713149198,0.0670719154613739,0.7542477,6.6227656e+07,54.95025,0.0,,,,-0.031438638,,0.0278312,0.029260397,0.032371994,1.1873062,,,
2000-04-18,AA,equity,49.1389,58.6124,USA,60.8352,58.0275,60.8352,1.8526e+06,0.016970009,,,0.037545964,True,,-0.031438638,-0.031438638,-0.08692978,-0.08692978,-0.11667423,-0.11667423,0.2636829701142764,-0.1576792095380795,0.0826146854870879,0.7309041,6.6227656e+07,54.95025,0.0,,,,0.003984763,,0.028604893,0.026780246,0.032445937,1.5044296,,,
2000-04-19,AA,equity,49.3351,58.8463,USA,60.7182,58.7293,59.1974,1.468333e+06,0.0027138006,,,0.03776587,True,,0.003984763,0.003984763,-0.06167636,-0.06167636,-0.11180172,-0.11180172,0.2951525624571627,-0.0671232295568282,0.1020539350094429,0.73382235,6.6227656e+07,54.95025,0.0,,,,0.034199137,,0.028812272,0.026604913,0.03241248,1.1615149,,,
2000-04-20,AA,equity,51.0515,60.8936,USA,61.3031,59.5483,59.5483,1.5362e+06,0.022262163,,,0.03644963,True,,0.034199137,0.034199137,-0.06597849,-0.06597849,-0.070464686,-0.070464686,0.256157063260678,-0.1094710980554004,0.0788622260426534,0.7593525,6.6227656e+07,54.95025,0.0,,,,-0.0028855347,,0.030156638,0.026110718,0.032707326,1.198767,,,
2000-04-24,AA,equity,50.9044,60.7182,USA,61.7712,60.0162,60.8352,914267.0,0.0031561183,,,0.03653285,True,,-0.0028855347,-0.0028855347,-0.09810934,-0.09810934,-0.021917205,-0.021917205,0.3238511504099921,-0.0500995974506135,0.1145164645211267,0.75716454,6.6227656e+07,54.95025,0.0,,,,0.05437195,,0.027609404,0.025763793,0.032686,0.7287473,,,
2000-04-25,AA,equity,53.7488,64.111,USA,64.111,60.2502,61.2447,1.359267e+06,0.040000934,,,0.036750574,True,,0.05437195,0.05437195,-0.050699584,-0.050699584,0.058231674,0.058231674,0.3108278100520809,-0.0066920722932753,0.1510266405045361,0.7994728,6.802392e+07,54.95025,0.0,,,,-0.04287736,,0.03333627,0.02712015,0.03341815,1.0693262,,,
2000-04-26,AA,equity,51.4929,61.4201,USA,63.994,61.0692,63.994,1.278333e+06,0.03354162,,,0.03715676,True,,-0.04287736,-0.04287736,-0.08048221,-0.08048221,0.046792954,0.046792954,0.1789403684019388,0.0151635232229481,0.1862988208798623,0.7659181,6.670373e+07,54.5334,0.0,,,,-0.0057298103,,0.03308265,0.027686402,0.033866588,0.99396074,,,
2000-04-27,AA,equity,51.1987,61.0692,USA,61.6542,60.0162,60.2502,1.157467e+06,0.0049503013,,,0.037471212,True,,-0.0057298103,-0.0057298103,-0.10017471,-0.10017471,0.03707838,0.03707838,0.1152599559609219,0.0126158021456166,0.2207437427953125,0.761542,6.670373e+07,54.0185,0.0,,,,-0.0057647787,,0.033018813,0.027580509,0.033552013,0.892132,,,
1999-01-04,US_02Y,yield,,4.58,,,,,,,,,,,,,,,,,,,,,,,,,,,,,,,,,,4.635,0.11,
1999-01-04,US_10Y,yield,,4.69,,,,,,,,,,,,,,,,,,,,,,,,,,,,,,,,,,4.635,0.11,
1999-01-05,US_02Y,yield,,4.64,,,,,,,,,,,,,,,,,,,,,,,,,,,,,,,,,,4.69,0.1,
1999-01-05,US_10Y,yield,,4.74,,,,,,,,,,,,,,,,,,,,,,,,,,,,,,,,,,4.69,0.1,
1999-01-06,US_02Y,yield,,4.62,,,,,,,,,,,,,,,,,,,,,,,,,,,,,,,,,,4.675,0.11,
1999-01-06,US_10Y,yield,,4.73,,,,,,,,,,,,,,,,,,,,,,,,,,,,,,,,,,4.675,0.11,
1999-01-07,US_02Y,yield,,4.63,,,,,,,,,,,,,,,,,,,,,,,,,,,,,,,,,,4.7,0.14,
1999-01-07,US_10Y,yield,,4.77,,,,,,,,,,,,,,,,,,,,,,,,,,,,,,,,,,4.7,0.14,
1999-01-08,US_02Y,yield,,4.71,,,,,,,,,,,,,,,,,,,,,,,,,,,,,,,,,,4.785,0.15,
1999-01-08,US_10Y,yield,,4.86,,,,,,,,,,,,,,,,,,,,,,,,,,,,,,,,,,4.785,0.15,
1999-01-11,US_02Y,yield,,4.74,,,,,,,,,,,,,,,,,,,,,,,,,,,,,,,,,,4.82,0.16,
1999-01-11,US_10Y,yield,,4.9,,,,,,,,,,,,,,,,,,,,,,,,,,,,,,,,,,4.82,0.16,
1999-01-12,US_02Y,yield,,4.68,,,,,,,,,,,,,,,,,,,,,,,,,,,,,,,,,,4.75,0.14,
1999-01-12,US_10Y,yield,,4.82,,,,,,,,,,,,,,,,,,,,,,,,,,,,,,,,,,4.75,0.14,
1999-01-13,US_02Y,yield,,4.61,,,,,,,,,,,,,,,,,,,,,,,,,,,,,,,,,,4.675,0.13,
1999-01-13,US_10Y,yield,,4.74,,,,,,,,,,,,,,,,,,,,,,,,,,,,,,,,,,4.675,0.13,
1999-01-14,US_02Y,yield,,4.47,,,,,,,,,,,,,,,,,,,,,,,,,,,,,,,,,,4.55,0.16,
1999-01-14,US_10Y,yield,,4.63,,,,,,,,,,,,,,,,,,,,,,,,,,,,,,,,,,4.55,0.16,
1999-01-15,US_02Y,yield,,4.56,,,,,,,,,,,,,,,,,,,,,,,,,,,,,,,,,,4.61,0.1,
1999-01-15,US_10Y,yield,,4.66,,,,,,,,,,,,,,,,,,,,,,,,,,,,,,,,,,4.61,0.1,
1999-01-18,US_02Y,yield,,4.56,,,,,,,,,,,,,,,,,,,,,,,,,,,,,,,,,,4.61,0.1,
1999-01-18,US_10Y,yield,,4.66,,,,,,,,,,,,,,,,,,,,,,,,,,,,,,,,,,4.61,0.1,
1999-01-19,US_02Y,yield,,4.62,,,,,,,,,,,,,,,,,,,,,,,,,,,,,,,,,,4.665,0.09,
1999-01-19,US_10Y,yield,,4.71,,,,,,,,,,,,,,,,,,,,,,,,,,,,,,,,,,4.665,0.09,
1999-01-20,US_02Y,yield,,4.66,,,,,,,,,,,,,,,,,,,,,,,,,,,,,,,,,,4.71,0.1,
1999-01-20,US_10Y,yield,,4.76,,,,,,,,,,,,,,,,,,,,,,,,,,,,,,,,,,4.71,0.1,
1999-01-21,US_02Y,yield,,4.63,,,,,,,,,,,,,,,,,,,,,,,,,,,,,,,,,,4.665,0.07,
1999-01-21,US_10Y,yield,,4.7,,,,,,,,,,,,,,,,,,,,,,,,,,,,,,,,,,4.665,0.07,
1999-01-22,US_02Y,yield,,4.59,,,,,,,,,,,,,,,,,,,,,,,,,,,,,,,,,,4.615,0.05,
1999-01-22,US_10Y,yield,,4.64,,,,,,,,,,,,,,,,,,,,,,,,,,,,,,,,,,4.615,0.05,
1999-01-25,US_02Y,yield,,4.59,,,,,,,,,,,,,,,,,,,,,,,,,,,,,,,,,,4.63,0.08,
1999-01-25,US_10Y,yield,,4.67,,,,,,,,,,,,,,,,,,,,,,,,,,,,,,,,,,4.63,0.08,
1999-01-26,US_02Y,yield,,4.63,,,,,,,,,,,,,,,,,,,,,,,,,,,,,,,,,,4.66,0.06,
1999-01-26,US_10Y,yield,,4.69,,,,,,,,,,,,,,,,,,,,,,,,,,,,,,,,,,4.66,0.06,
1999-01-27,US_02Y,yield,,4.57,,,,,,,,,,,,,,,,,,,,,,,,,,,,,,,,,,4.625,0.11,
1999-01-27,US_10Y,yield,,4.68,,,,,,,,,,,,,,,,,,,,,,,,,,,,,,,,,,4.625,0.11,
1999-01-28,US_02Y,yield,,4.58,,,,,,,,,,,,,,,,,,,,,,,,,,,,,,,,,,4.625,0.09,
1999-01-28,US_10Y,yield,,4.67,,,,,,,,,,,,,,,,,,,,,,,,,,,,,,,,,,4.625,0.09,
1999-01-29,US_02Y,yield,,4.58,,,,,,,,,,,,,,,,,,,,,,,,,,,,,,,,,,4.62,0.08,
1999-01-29,US_10Y,yield,,4.66,,,,,,,,,,,,,,,,,,,,,,,,,,,,,,,,,,4.62,0.08,
1999-02-01,GER_10Y,yield,,3.849,,,,,,,,3.4659667,,,,,,,,,,,,,,,,,,,,,,,,,,4.7,0.1,
1999-02-01,JPN_10Y,yield,,2.117,,,,,,,,3.4659667,,,,,,,,,,,,,,,,,,,,,,,,,,4.7,0.1,
1999-02-01,UK_10Y,yield,,4.4319,,,,,,,,3.4659667,,,,,,,,,,,,,,,,,,,,,,,,,,4.7,0.1,
1999-02-01,US_02Y,yield,,4.65,,,,,,,,3.4659667,,,,,,,,,,,,,,,,,,,,,,,,,,4.7,0.1,
1999-02-01,US_10Y,yield,,4.75,,,,,,,,3.4659667,,,,,,,,,,,,,,,,,,,,,,,,,,4.7,0.1,
1999-02-02,GER_10Y,yield,,3.849,,,,,,,,3.4659667,,,,,,,,,,,,,,,,,,,,,,,,,,4.745,0.09,
1999-02-02,JPN_10Y,yield,,2.117,,,,,,,,3.4659667,,,,,,,,,,,,,,,,,,,,,,,,,,4.745,0.09,
1999-02-02,UK_10Y,yield,,4.4319,,,,,,,,3.4659667,,,,,,,,,,,,,,,,,,,,,,,,,,4.745,0.09,
1999-02-02,US_02Y,yield,,4.7,,,,,,,,3.4659667,,,,,,,,,,,,,,,,,,,,,,,,,,4.745,0.09,
1999-02-02,US_10Y,yield,,4.79,,,,,,,,3.4659667,,,,,,,,,,,,,,,,,,,,,,,,,,4.745,0.09,
1999-02-03,GER_10Y,yield,,3.849,,,,,,,,3.4659667,,,,,,,,,,,,,,,,,,,,,,,,,,4.775,0.11,
1999-02-03,JPN_10Y,yield,,2.117,,,,,,,,3.4659667,,,,,,,,,,,,,,,,,,,,,,,,,,4.775,0.11,
1999-02-03,UK_10Y,yield,,4.4319,,,,,,,,3.4659667,,,,,,,,,,,,,,,,,,,,,,,,,,4.775,0.11,
1999-02-03,US_02Y,yield,,4.72,,,,,,,,3.4659667,,,,,,,,,,,,,,,,,,,,,,,,,,4.775,0.11,
1999-02-03,US_10Y,yield,,4.83,,,,,,,,3.4659667,,,,,,,,,,,,,,,,,,,,,,,,,,4.775,0.11,
1999-02-04,GER_10Y,yield,,3.849,,,,,,,,3.4659667,,,,,,,,,,,,,,,,,,,,,,,,,,4.83,0.12,
1999-02-04,JPN_10Y,yield,,2.117,,,,,,,,3.4659667,,,,,,,,,,,,,,,,,,,,,,,,,,4.83,0.12,
1999-02-04,UK_10Y,yield,,4.4319,,,,,,,,3.4659667,,,,,,,,,,,,,,,,,,,,,,,,,,4.83,0.12,
1999-02-04,US_02Y,yield,,4.77,,,,,,,,3.4659667,,,,,,,,,,,,,,,,,,,,,,,,,,4.83,0.12,
1999-02-04,US_10Y,yield,,4.89,,,,,,,,3.4659667,,,,,,,,,,,,,,,,,,,,,,,,,,4.83,0.12,
1999-02-05,GER_10Y,yield,,3.849,,,,,,,,3.4659667,,,,,,,,,,,,,,,,,,,,,,,,,,4.87,0.14,
1999-02-05,JPN_10Y,yield,,2.117,,,,,,,,3.4659667,,,,,,,,,,,,,,,,,,,,,,,,,,4.87,0.14,
1999-02-05,UK_10Y,yield,,4.4319,,,,,,,,3.4659667,,,,,,,,,,,,,,,,,,,,,,,,,,4.87,0.14,
1999-02-05,US_02Y,yield,,4.8,,,,,,,,3.4659667,,,,,,,,,,,,,,,,,,,,,,,,,,4.87,0.14,
1999-02-05,US_10Y,yield,,4.94,,,,,,,,3.4659667,,,,,,,,,,,,,,,,,,,,,,,,,,4.87,0.14,
1999-02-08,GER_10Y,yield,,3.849,,,,,,,,3.4659667,,,,,,,,,,,,,,,,,,,,,,,,,,4.87,0.14,
1999-02-08,JPN_10Y,yield,,2.117,,,,,,,,3.4659667,,,,,,,,,,,,,,,,,,,,,,,,,,4.87,0.14,
1999-02-08,UK_10Y,yield,,4.4319,,,,,,,,3.4659667,,,,,,,,,,,,,,,,,,,,,,,,,,4.87,0.14,
1999-02-08,US_02Y,yield,,4.8,,,,,,,,3.4659667,,,,,,,,,,,,,,,,,,,,,,,,,,4.87,0.14,
1999-02-08,US_10Y,yield,,4.94,,,,,,,,3.4659667,,,,,,,,,,,,,,,,,,,,,,,,,,4.87,0.14,
1999-02-09,GER_10Y,yield,,3.849,,,,,,,,3.4659667,,,,,,,,,,,,,,,,,,,,,,,,,,4.85,0.12,
1999-02-09,JPN_10Y,yield,,2.117,,,,,,,,3.4659667,,,,,,,,,,,,,,,,,,,,,,,,,,4.85,0.12,
1999-02-09,UK_10Y,yield,,4.4319,,,,,,,,3.4659667,,,,,,,,,,,,,,,,,,,,,,,,,,4.85,0.12,
1999-02-09,US_02Y,yield,,4.79,,,,,,,,3.4659667,,,,,,,,,,,,,,,,,,,,,,,,,,4.85,0.12,
1999-02-09,US_10Y,yield,,4.91,,,,,,,,3.4659667,,,,,,,,,,,,,,,,,,,,,,,,,,4.85,0.12,
1999-02-10,GER_10Y,yield,,3.849,,,,,,,,3.4659667,,,,,,,,,,,,,,,,,,,,,,,,,,4.835,0.13,
1999-02-10,JPN_10Y,yield,,2.117,,,,,,,,3.4659667,,,,,,,,,,,,,,,,,,,,,,,,,,4.835,0.13,
1999-02-10,UK_10Y,yield,,4.4319,,,,,,,,3.4659667,,,,,,,,,,,,,,,,,,,,,,,,,,4.835,0.13,
1999-02-10,US_02Y,yield,,4.77,,,,,,,,3.4659667,,,,,,,,,,,,,,,,,,,,,,,,,,4.835,0.13,
1999-02-10,US_10Y,yield,,4.9,,,,,,,,3.4659667,,,,,,,,,,,,,,,,,,,,,,,,,,4.835,0.13,
1999-02-11,GER_10Y,yield,,3.849,,,,,,,,3.4659667,,,,,,,,,,,,,,,,,,,,,,,,,,4.865,0.13,
1999-02-11,JPN_10Y,yield,,2.117,,,,,,,,3.4659667,,,,,,,,,,,,,,,,,,,,,,,,,,4.865,0.13,
1999-02-11,UK_10Y,yield,,4.4319,,,,,,,,3.4659667,,,,,,,,,,,,,,,,,,,,,,,,,,4.865,0.13,
1999-02-11,US_02Y,yield,,4.8,,,,,,,,3.4659667,,,,,,,,,,,,,,,,,,,,,,,,,,4.865,0.13,
1999-02-11,US_10Y,yield,,4.93,,,,,,,,3.4659667,,,,,,,,,,,,,,,,,,,,,,,,,,4.865,0.13,
1999-02-12,GER_10Y,yield,,3.849,,,,,,,,3.4659667,,,,,,,,,,,,,,,,,,,,,,,,,,4.985,0.15,
1999-02-12,JPN_10Y,yield,,2.117,,,,,,,,3.4659667,,,,,,,,,,,,,,,,,,,,,,,,,,4.985,0.15,
1999-02-12,UK_10Y,yield,,4.4319,,,,,,,,3.4659667,,,,,,,,,,,,,,,,,,,,,,,,,,4.985,0.15,
1999-02-12,US_02Y,yield,,4.91,,,,,,,,3.4659667,,,,,,,,,,,,,,,,,,,,,,,,,,4.985,0.15,
1999-02-12,US_10Y,yield,,5.06,,,,,,,,3.4659667,,,,,,,,,,,,,,,,,,,,,,,,,,4.985,0.15,
1999-02-15,GER_10Y,yield,,3.849,,,,,,,,3.4659667,,,,,,,,,,,,,,,,,,,,,,,,,,4.985,0.15,
1999-02-15,JPN_10Y,yield,,2.117,,,,,,,,3.4659667,,,,,,,,,,,,,,,,,,,,,,,,,,4.985,0.15,
1999-02-15,UK_10Y,yield,,4.4319,,,,,,,,3.4659667,,,,,,,,,,,,,,,,,,,,,,,,,,4.985,0.15,
1999-02-15,US_02Y,yield,,4.91,,,,,,,,3.4659667,,,,,,,,,,,,,,,,,,,,,,,,,,4.985,0.15,
1999-02-15,US_10Y,yield,,5.06,,,,,,,,3.4659667,,,,,,,,,,,,,,,,,,,,,,,,,,4.985,0.15,
1999-02-16,GER_10Y,yield,,3.849,,,,,,,,3.4659667,,,,,,,,,,,,,,,,,,,,,,,,,,4.98,0.1,
1999-02-16,JPN_10Y,yield,,2.117,,,,,,,,3.4659667,,,,,,,,,,,,,,,,,,,,,,,,,,4.98,0.1,
1999-02-16,UK_10Y,yield,,4.4319,,,,,,,,3.4659667,,,,,,,,,,,,,,,,,,,,,,,,,,4.98,0.1,
1999-02-16,US_02Y,yield,,4.93,,,,,,,,3.4659667,,,,,,,,,,,,,,,,,,,,,,,,,,4.98,0.1,
1999-02-16,US_10Y,yield,,5.03,,,,,,,,3.4659667,,,,,,,,,,,,,,,,,,,,,,,,,,4.98,0.1,
1999-02-17,GER_10Y,yield,,3.849,,,,,,,,3.4659667,,,,,,,,,,,,,,,,,,,,,,,,,,4.935,0.09,
1999-02-17,JPN_10Y,yield,,2.117,,,,,,,,3.4659667,,,,,,,,,,,,,,,,,,,,,,,,,,4.935,0.09,
1999-02-17,UK_10Y,yield,,4.4319,,,,,,,,3.4659667,,,,,,,,,,,,,,,,,,,,,,,,,,4.935,0.09,
1999-02-17,US_02Y,yield,,4.89,,,,,,,,3.4659667,,,,,,,,,,,,,,,,,,,,,,,,,,4.935,0.09,
1999-02-17,US_10Y,yield,,4.98,,,,,,,,3.4659667,,,,,,,,,,,,,,,,,,,,,,,,,,4.935,0.09,
1999-02-18,GER_10Y,yield,,3.849,,,,,,,,3.4659667,,,,,,,,,,,,,,,,,,,,,,,,,,4.985,0.11,
1999-02-18,JPN_10Y,yield,,2.117,,,,,,,,3.4659667,,,,,,,,,,,,,,,,,,,,,,,,,,4.985,0.11,
1999-02-18,UK_10Y,yield,,4.4319,,,,,,,,3.4659667,,,,,,,,,,,,,,,,,,,,,,,,,,4.985,0.11,
1999-02-18,US_02Y,yield,,4.93,,,,,,,,3.4659667,,,,,,,,,,,,,,,,,,,,,,,,,,4.985,0.11,
1999-02-18,US_10Y,yield,,5.04,,,,,,,,3.4659667,,,,,,,,,,,,,,,,,,,,,,,,,,4.985,0.11,
1999-02-19,GER_10Y,yield,,3.849,,,,,,,,3.4659667,,,,,,,,,,,,,,,,,,,,,,,,,,5.01,0.12,
1999-02-19,JPN_10Y,yield,,2.117,,,,,,,,3.4659667,,,,,,,,,,,,,,,,,,,,,,,,,,5.01,0.12,
1999-02-19,UK_10Y,yield,,4.4319,,,,,,,,3.4659667,,,,,,,,,,,,,,,,,,,,,,,,,,5.01,0.12,
1999-02-19,US_02Y,yield,,4.95,,,,,,,,3.4659667,,,,,,,,,,,,,,,,,,,,,,,,,,5.01,0.12,
1999-02-19,US_10Y,yield,,5.07,,,,,,,,3.4659667,,,,,,,,,,,,,,,,,,,,,,,,,,5.01,0.12,
1999-02-22,GER_10Y,yield,,3.849,,,,,,,,3.4659667,,,,,,,,,,,,,,,,,,,,,,,,,,4.97,0.12,
1999-02-22,JPN_10Y,yield,,2.117,,,,,,,,3.4659667,,,,,,,,,,,,,,,,,,,,,,,,,,4.97,0.12,
1999-02-22,UK_10Y,yield,,4.4319,,,,,,,,3.4659667,,,,,,,,,,,,,,,,,,,,,,,,,,4.97,0.12,
1999-02-22,US_02Y,yield,,4.91,,,,,,,,3.4659667,,,,,,,,,,,,,,,,,,,,,,,,,,4.97,0.12,
1999-02-22,US_10Y,yield,,5.03,,,,,,,,3.4659667,,,,,,,,,,,,,,,,,,,,,,,,,,4.97,0.12,
1999-02-23,GER_10Y,yield,,3.849,,,,,,,,3.4659667,,,,,,,,,,,,,,,,,,,,,,,,,,5.05,0.1,
1999-02-23,JPN_10Y,yield,,2.117,,,,,,,,3.4659667,,,,,,,,,,,,,,,,,,,,,,,,,,5.05,0.1,
1999-02-23,UK_10Y,yield,,4.4319,,,,,,,,3.4659667,,,,,,,,,,,,,,,,,,,,,,,,,,5.05,0.1,
1999-02-23,US_02Y,yield,,5.0,,,,,,,,3.4659667,,,,,,,,,,,,,,,,,,,,,,,,,,5.05,0.1,
1999-02-23,US_10Y,yield,,5.1,,,,,,,,3.4659667,,,,,,,,,,,,,,,,,,,,,,,,,,5.05,0.1,
1999-02-24,GER_10Y,yield,,3.849,,,,,,,,3.4659667,,,,,,,,,,,,,,,,,,,,,,,,,,5.115,0.13,
1999-02-24,JPN_10Y,yield,,2.117,,,,,,,,3.4659667,,,,,,,,,,,,,,,,,,,,,,,,,,5.115,0.13,
1999-02-24,UK_10Y,yield,,4.4319,,,,,,,,3.4659667,,,,,,,,,,,,,,,,,,,,,,,,,,5.115,0.13,
1999-02-24,US_02Y,yield,,5.05,,,,,,,,3.4659667,,,,,,,,,,,,,,,,,,,,,,,,,,5.115,0.13,
1999-02-24,US_10Y,yield,,5.18,,,,,,,,3.4659667,,,,,,,,,,,,,,,,,,,,,,,,,,5.115,0.13,
1999-02-25,GER_10Y,yield,,3.849,,,,,,,,3.4659667,,,,,,,,,,,,,,,,,,,,,,,,,,5.235,0.17,
1999-02-25,JPN_10Y,yield,,2.117,,,,,,,,3.4659667,,,,,,,,,,,,,,,,,,,,,,,,,,5.235,0.17,
1999-02-25,UK_10Y,yield,,4.4319,,,,,,,,3.4659667,,,,,,,,,,,,,,,,,,,,,,,,,,5.235,0.17,
1999-02-25,US_02Y,yield,,5.15,,,,,,,,3.4659667,,,,,,,,,,,,,,,,,,,,,,,,,,5.235,0.17,
1999-02-25,US_10Y,yield,,5.32,,,,,,,,3.4659667,,,,,,,,,,,,,,,,,,,,,,,,,,5.235,0.17,
1999-02-26,GER_10Y,yield,,3.849,,,,,,,,3.4659667,,,,,,,,,,,,,,,,,,,,,,,,,,5.21,0.16,
1999-02-26,JPN_10Y,yield,,2.117,,,,,,,,3.4659667,,,,,,,,,,,,,,,,,,,,,,,,,,5.21,0.16,
1999-02-26,UK_10Y,yield,,4.4319,,,,,,,,3.4659667,,,,,,,,,,,,,,,,,,,,,,,,,,5.21,0.16,
1999-02-26,US_02Y,yield,,5.13,,,,,,,,3.4659667,,,,,,,,,,,,,,,,,,,,,,,,,,5.21,0.16,
1999-02-26,US_10Y,yield,,5.29,,,,,,,,3.4659667,,,,,,,,,,,,,,,,,,,,,,,,,,5.21,0.16,
1999-03-01,GER_10Y,yield,,4.037826,,,,,,,,3.5030754,,,,,,,,,,,,,,,,,,,,,,,,,,5.3,0.2,
1999-03-01,JPN_10Y,yield,,1.816,,,,,,,,3.5030754,,,,,,,,,,,,,,,,,,,,,,,,,,5.3,0.2,
1999-03-01,UK_10Y,yield,,4.6554,,,,,,,,3.5030754,,,,,,,,,,,,,,,,,,,,,,,,,,5.3,0.2,
1999-03-01,US_02Y,yield,,5.2,,,,,,,,3.5030754,,,,,,,,,,,,,,,,,,,,,,,,,,5.3,0.2,
1999-03-01,US_10Y,yield,,5.4,,,,,,,,3.5030754,,,,,,,,,,,,,,,,,,,,,,,,,,5.3,0.2,
1999-03-02,GER_10Y,yield,,4.037826,,,,,,,,3.5030754,,,,,,,,,,,,,,,,,,,,,,,,,,5.265,0.17,
1999-03-02,JPN_10Y,yield,,1.816,,,,,,,,3.5030754,,,,,,,,,,,,,,,,,,,,,,,,,,5.265,0.17,
1999-03-02,UK_10Y,yield,,4.6554,,,,,,,,3.5030754,,,,,,,,,,,,,,,,,,,,,,,,,,5.265,0.17,
1999-03-02,US_02Y,yield,,5.18,,,,,,,,3.5030754,,,,,,,,,,,,,,,,,,,,,,,,,,5.265,0.17,
1999-03-02,US_10Y,yield,,5.35,,,,,,,,3.5030754,,,,,,,,,,,,,,,,,,,,,,,,,,5.265,0.17,
1999-03-03,GER_10Y,yield,,4.037826,,,,,,,,3.5030754,,,,,,,,,,,,,,,,,,,,,,,,,,5.29,0.2,
1999-03-03,JPN_10Y,yield,,1.816,,,,,,,,3.5030754,,,,,,,,,,,,,,,,,,,,,,,,,,5.29,0.2,
1999-03-03,UK_10Y,yield,,4.6554,,,,,,,,3.5030754,,,,,,,,,,,,,,,,,,,,,,,,,,5.29,0.2,
1999-03-03,US_02Y,yield,,5.19,,,,,,,,3.5030754,,,,,,,,,,,,,,,,,,,,,,,,,,5.29,0.2,
1999-03-03,US_10Y,yield,,5.39,,,,,,,,3.5030754,,,,,,,,,,,,,,,,,,,,,,,,,,5.29,0.2,
1999-03-04,GER_10Y,yield,,4.037826,,,,,,,,3.5030754,,,,,,,,,,,,,,,,,,,,,,,,,,5.305,0.21,
1999-03-04,JPN_10Y,yield,,1.816,,,,,,,,3.5030754,,,,,,,,,,,,,,,,,,,,,,,,,,5.305,0.21,
1999-03-04,UK_10Y,yield,,4.6554,,,,,,,,3.5030754,,,,,,,,,,,,,,,,,,,,,,,,,,5.305,0.21,
1999-03-04,US_02Y,yield,,5.2,,,,,,,,3.5030754,,,,,,,,,,,,,,,,,,,,,,,,,,5.305,0.21,
1999-03-04,US_10Y,yield,,5.41,,,,,,,,3.5030754,,,,,,,,,,,,,,,,,,,,,,,,,,5.305,0.21,
1999-03-05,GER_10Y,yield,,4.037826,,,,,,,,3.5030754,,,,,,,,,,,,,,,,,,,,,,,,,,5.24,0.2,
1999-03-05,JPN_10Y,yield,,1.816,,,,,,,,3.5030754,,,,,,,,,,,,,,,,,,,,,,,,,,5.24,0.2,
1999-03-05,UK_10Y,yield,,4.6554,,,,,,,,3.5030754,,,,,,,,,,,,,,,,,,,,,,,,,,5.24,0.2,
1999-03-05,US_02Y,yield,,5.14,,,,,,,,3.5030754,,,,,,,,,,,,,,,,,,,,,,,,,,5.24,0.2,
1999-03-05,US_10Y,yield,,5.34,,,,,,,,3.5030754,,,,,,,,,,,,,,,,,,,,,,,,,,5.24,0.2,
1999-03-08,GER_10Y,yield,,4.037826,,,,,,,,3.5030754,,,,,,,,,,,,,,,,,,,,,,,,,,5.205,0.17,
1999-03-08,JPN_10Y,yield,,1.816,,,,,,,,3.5030754,,,,,,,,,,,,,,,,,,,,,,,,,,5.205,0.17,
1999-03-08,UK_10Y,yield,,4.6554,,,,,,,,3.5030754,,,,,,,,,,,,,,,,,,,,,,,,,,5.205,0.17,
1999-03-08,US_02Y,yield,,5.12,,,,,,,,3.5030754,,,,,,,,,,,,,,,,,,,,,,,,,,5.205,0.17,
1999-03-08,US_10Y,yield,,5.29,,,,,,,,3.5030754,,,,,,,,,,,,,,,,,,,,,,,,,,5.205,0.17,
1999-03-09,GER_10Y,yield,,4.037826,,,,,,,,3.5030754,,,,,,,,,,,,,,,,,,,,,,,,,,5.1,0.16,
1999-03-09,JPN_10Y,yield,,1.816,,,,,,,,3.5030754,,,,,,,,,,,,,,,,,,,,,,,,,,5.1,0.16,
1999-03-09,UK_10Y,yield,,4.6554,,,,,,,,3.5030754,,,,,,,,,,,,,,,,,,,,,,,,,,5.1,0.16,
1999-03-09,US_02Y,yield,,5.02,,,,,,,,3.5030754,,,,,,,,,,,,,,,,,,,,,,,,,,5.1,0.16,
1999-03-09,US_10Y,yield,,5.18,,,,,,,,3.5030754,,,,,,,,,,,,,,,,,,,,,,,,,,5.1,0.16,
1999-03-10,GER_10Y,yield,,4.037826,,,,,,,,3.5030754,,,,,,,,,,,,,,,,,,,,,,,,,,5.12,0.16,
1999-03-10,JPN_10Y,yield,,1.816,,,,,,,,3.5030754,,,,,,,,,,,,,,,,,,,,,,,,,,5.12,0.16,
1999-03-10,UK_10Y,yield,,4.6554,,,,,,,,3.5030754,,,,,,,,,,,,,,,,,,,,,,,,,,5.12,0.16,
1999-03-10,US_02Y,yield,,5.04,,,,,,,,3.5030754,,,,,,,,,,,,,,,,,,,,,,,,,,5.12,0.16,
1999-03-10,US_10Y,yield,,5.2,,,,,,,,3.5030754,,,,,,,,,,,,,,,,,,,,,,,,,,5.12,0.16,
1999-03-11,GER_10Y,yield,,4.037826,,,,,,,,3.5030754,,,,,,,,,,,,,,,,,,,,,,,,,,5.13,0.16,
1999-03-11,JPN_10Y,yield,,1.816,,,,,,,,3.5030754,,,,,,,,,,,,,,,,,,,,,,,,,,5.13,0.16,
1999-03-11,UK_10Y,yield,,4.6554,,,,,,,,3.5030754,,,,,,,,,,,,,,,,,,,,,,,,,,5.13,0.16,
1999-03-11,US_02Y,yield,,5.05,,,,,,,,3.5030754,,,,,,,,,,,,,,,,,,,,,,,,,,5.13,0.16,
1999-03-11,US_10Y,yield,,5.21,,,,,,,,3.5030754,,,,,,,,,,,,,,,,,,,,,,,,,,5.13,0.16,
1999-03-12,GER_10Y,yield,,4.037826,,,,,,,,3.5030754,,,,,,,,,,,,,,,,,,,,,,,,,,5.08,0.16,
1999-03-12,JPN_10Y,yield,,1.816,,,,,,,,3.5030754,,,,,,,,,,,,,,,,,,,,,,,,,,5.08,0.16,
1999-03-12,UK_10Y,yield,,4.6554,,,,,,,,3.5030754,,,,,,,,,,,,,,,,,,,,,,,,,,5.08,0.16,
1999-03-12,US_02Y,yield,,5.0,,,,,,,,3.5030754,,,,,,,,,,,,,,,,,,,,,,,,,,5.08,0.16,
1999-03-12,US_10Y,yield,,5.16,,,,,,,,3.5030754,,,,,,,,,,,,,,,,,,,,,,,,,,5.08,0.16,
1999-03-15,GER_10Y,yield,,4.037826,,,,,,,,3.5030754,,,,,,,,,,,,,,,,,,,,,,,,,,5.07,0.16,
1999-03-15,JPN_10Y,yield,,1.816,,,,,,,,3.5030754,,,,,,,,,,,,,,,,,,,,,,,,,,5.07,0.16,
1999-03-15,UK_10Y,yield,,4.6554,,,,,,,,3.5030754,,,,,,,,,,,,,,,,,,,,,,,,,,5.07,0.16,
1999-03-15,US_02Y,yield,,4.99,,,,,,,,3.5030754,,,,,,,,,,,,,,,,,,,,,,,,,,5.07,0.16,
1999-03-15,US_10Y,yield,,5.15,,,,,,,,3.5030754,,,,,,,,,,,,,,,,,,,,,,,,,,5.07,0.16,
1999-03-16,GER_10Y,yield,,4.037826,,,,,,,,3.5030754,,,,,,,,,,,,,,,,,,,,,,,,,,5.04,0.14,
1999-03-16,JPN_10Y,yield,,1.816,,,,,,,,3.5030754,,,,,,,,,,,,,,,,,,,,,,,,,,5.04,0.14,
1999-03-16,UK_10Y,yield,,4.6554,,,,,,,,3.5030754,,,,,,,,,,,,,,,,,,,,,,,,,,5.04,0.14,
1999-03-16,US_02Y,yield,,4.97,,,,,,,,3.5030754,,,,,,,,,,,,,,,,,,,,,,,,,,5.04,0.14,
1999-03-16,US_10Y,yield,,5.11,,,,,,,,3.5030754,,,,,,,,,,,,,,,,,,,,,,,,,,5.04,0.14,
1999-03-17,GER_10Y,yield,,4.037826,,,,,,,,3.5030754,,,,,,,,,,,,,,,,,,,,,,,,,,5.075,0.13,
1999-03-17,JPN_10Y,yield,,1.816,,,,,,,,3.5030754,,,,,,,,,,,,,,,,,,,,,,,,,,5.075,0.13,
1999-03-17,UK_10Y,yield,,4.6554,,,,,,,,3.5030754,,,,,,,,,,,,,,,,,,,,,,,,,,5.075,0.13,
1999-03-17,US_02Y,yield,,5.01,,,,,,,,3.5030754,,,,,,,,,,,,,,,,,,,,,,,,,,5.075,0.13,
1999-03-17,US_10Y,yield,,5.14,,,,,,,,3.5030754,,,,,,,,,,,,,,,,,,,,,,,,,,5.075,0.13,
1999-03-18,GER_10Y,yield,,4.037826,,,,,,,,3.5030754,,,,,,,,,,,,,,,,,,,,,,,,,,5.05,0.12,
1999-03-18,JPN_10Y,yield,,1.816,,,,,,,,3.5030754,,,,,,,,,,,,,,,,,,,,,,,,,,5.05,0.12,
1999-03-18,UK_10Y,yield,,4.6554,,,,,,,,3.5030754,,,,,,,,,,,,,,,,,,,,,,,,,,5.05,0.12,
1999-03-18,US_02Y,yield,,4.99,,,,,,,,3.5030754,,,,,,,,,,,,,,,,,,,,,,,,,,5.05,0.12,
1999-03-18,US_10Y,yield,,5.11,,,,,,,,3.5030754,,,,,,,,,,,,,,,,,,,,,,,,,,5.05,0.12,
1999-03-19,GER_10Y,yield,,4.037826,,,,,,,,3.5030754,,,,,,,,,,,,,,,,,,,,,,,,,,5.105,0.13,
1999-03-19,JPN_10Y,yield,,1.816,,,,,,,,3.5030754,,,,,,,,,,,,,,,,,,,,,,,,,,5.105,0.13,
1999-03-19,UK_10Y,yield,,4.6554,,,,,,,,3.5030754,,,,,,,,,,,,,,,,,,,,,,,,,,5.105,0.13,
1999-03-19,US_02Y,yield,,5.04,,,,,,,,3.5030754,,,,,,,,,,,,,,,,,,,,,,,,,,5.105,0.13,
1999-03-19,US_10Y,yield,,5.17,,,,,,,,3.5030754,,,,,,,,,,,,,,,,,,,,,,,,,,5.105,0.13,
1999-03-22,GER_10Y,yield,,4.037826,,,,,,,,3.5030754,,,,,,,,,,,,,,,,,,,,,,,,,,5.145,0.13,
1999-03-22,JPN_10Y,yield,,1.816,,,,,,,,3.5030754,,,,,,,,,,,,,,,,,,,,,,,,,,5.145,0.13,
1999-03-22,UK_10Y,yield,,4.6554,,,,,,,,3.5030754,,,,,,,,,,,,,,,,,,,,,,,,,,5.145,0.13,
1999-03-22,US_02Y,yield,,5.08,,,,,,,,3.5030754,,,,,,,,,,,,,,,,,,,,,,,,,,5.145,0.13,
1999-03-22,US_10Y,yield,,5.21,,,,,,,,3.5030754,,,,,,,,,,,,,,,,,,,,,,,,,,5.145,0.13,
1999-03-23,GER_10Y,yield,,4.037826,,,,,,,,3.5030754,,,,,,,,,,,,,,,,,,,,,,,,,,5.115,0.17,
1999-03-23,JPN_10Y,yield,,1.816,,,,,,,,3.5030754,,,,,,,,,,,,,,,,,,,,,,,,,,5.115,0.17,
1999-03-23,UK_10Y,yield,,4.6554,,,,,,,,3.5030754,,,,,,,,,,,,,,,,,,,,,,,,,,5.115,0.17,
1999-03-23,US_02Y,yield,,5.03,,,,,,,,3.5030754,,,,,,,,,,,,,,,,,,,,,,,,,,5.115,0.17,
1999-03-23,US_10Y,yield,,5.2,,,,,,,,3.5030754,,,,,,,,,,,,,,,,,,,,,,,,,,5.115,0.17,
1999-03-24,GER_10Y,yield,,4.037826,,,,,,,,3.5030754,,,,,,,,,,,,,,,,,,,,,,,,,,5.075,0.19,
1999-03-24,JPN_10Y,yield,,1.816,,,,,,,,3.5030754,,,,,,,,,,,,,,,,,,,,,,,,,,5.075,0.19,
1999-03-24,UK_10Y,yield,,4.6554,,,,,,,,3.5030754,,,,,,,,,,,,,,,,,,,,,,,,,,5.075,0.19,
1999-03-24,US_02Y,yield,,4.98,,,,,,,,3.5030754,,,,,,,,,,,,,,,,,,,,,,,,,,5.075,0.19,
1999-03-24,US_10Y,yield,,5.17,,,,,,,,3.5030754,,,,,,,,,,,,,,,,,,,,,,,,,,5.075,0.19,
1999-03-25,GER_10Y,yield,,4.037826,,,,,,,,3.5030754,,,,,,,,,,,,,,,,,,,,,,,,,,5.115,0.19,
1999-03-25,JPN_10Y,yield,,1.816,,,,,,,,3.5030754,,,,,,,,,,,,,,,,,,,,,,,,,,5.115,0.19,
1999-03-25,UK_10Y,yield,,4.6554,,,,,,,,3.5030754,,,,,,,,,,,,,,,,,,,,,,,,,,5.115,0.19,
1999-03-25,US_02Y,yield,,5.02,,,,,,,,3.5030754,,,,,,,,,,,,,,,,,,,,,,,,,,5.115,0.19,
1999-03-25,US_10Y,yield,,5.21,,,,,,,,3.5030754,,,,,,,,,,,,,,,,,,,,,,,,,,5.115,0.19,
1999-03-26,GER_10Y,yield,,4.037826,,,,,,,,3.5030754,,,,,,,,,,,,,,,,,,,,,,,,,,5.1,0.22,
1999-03-26,JPN_10Y,yield,,1.816,,,,,,,,3.5030754,,,,,,,,,,,,,,,,,,,,,,,,,,5.1,0.22,
1999-03-26,UK_10Y,yield,,4.6554,,,,,,,,3.5030754,,,,,,,,,,,,,,,,,,,,,,,,,,5.1,0.22,
1999-03-26,US_02Y,yield,,4.99,,,,,,,,3.5030754,,,,,,,,,,,,,,,,,,,,,,,,,,5.1,0.22,
1999-03-26,US_10Y,yield,,5.21,,,,,,,,3.5030754,,,,,,,,,,,,,,,,,,,,,,,,,,5.1,0.22,
1999-03-29,GER_10Y,yield,,4.037826,,,,,,,,3.5030754,,,,,,,,,,,,,,,,,,,,,,,,,,5.15,0.26,
1999-03-29,JPN_10Y,yield,,1.816,,,,,,,,3.5030754,,,,,,,,,,,,,,,,,,,,,,,,,,5.15,0.26,
1999-03-29,UK_10Y,yield,,4.6554,,,,,,,,3.5030754,,,,,,,,,,,,,,,,,,,,,,,,,,5.15,0.26,
1999-03-29,US_02Y,yield,,5.02,,,,,,,,3.5030754,,,,,,,,,,,,,,,,,,,,,,,,,,5.15,0.26,
1999-03-29,US_10Y,yield,,5.28,,,,,,,,3.5030754,,,,,,,,,,,,,,,,,,,,,,,,,,5.15,0.26,
1999-03-30,GER_10Y,yield,,4.037826,,,,,,,,3.5030754,,,,,,,,,,,,,,,,,,,,,,,,,,5.09,0.24,
1999-03-30,JPN_10Y,yield,,1.816,,,,,,,,3.5030754,,,,,,,,,,,,,,,,,,,,,,,,,,5.09,0.24,
1999-03-30,UK_10Y,yield,,4.6554,,,,,,,,3.5030754,,,,,,,,,,,,,,,,,,,,,,,,,,5.09,0.24,
1999-03-30,US_02Y,yield,,4.97,,,,,,,,3.5030754,,,,,,,,,,,,,,,,,,,,,,,,,,5.09,0.24,
1999-03-30,US_10Y,yield,,5.21,,,,,,,,3.5030754,,,,,,,,,,,,,,,,,,,,,,,,,,5.09,0.24,
1999-03-31,GER_10Y,yield,,4.037826,,,,,,,,3.5030754,,,,,,,,,,,,,,,,,,,,,,,,,,5.12,0.26,
1999-03-31,JPN_10Y,yield,,1.816,,,,,,,,3.5030754,,,,,,,,,,,,,,,,,,,,,,,,,,5.12,0.26,
1999-03-31,UK_10Y,yield,,4.6554,,,,,,,,3.5030754,,,,,,,,,,,,,,,,,,,,,,,,,,5.12,0.26,
1999-03-31,US_02Y,yield,,4.99,,,,,,,,3.5030754,,,,,,,,,,,,,,,,,,,,,,,,,,5.12,0.26,
1999-03-31,US_10Y,yield,,5.25,,,,,,,,3.5030754,,,,,,,,,,,,,,,,,,,,,,,,,,5.12,0.26,
1999-04-01,GER_10Y,yield,,3.85,,,,,,,,3.335,,,,,,,,,,,,,,,,,,,,,,,,,,5.14,0.26,
1999-04-01,JPN_10Y,yield,,1.563,,,,,,,,3.335,,,,,,,,,,,,,,,,,,,,,,,,,,5.14,0.26,
1999-04-01,UK_10Y,yield,,4.592,,,,,,,,3.335,,,,,,,,,,,,,,,,,,,,,,,,,,5.14,0.26,
1999-04-01,US_02Y,yield,,5.01,,,,,,,,3.335,,,,,,,,,,,,,,,,,,,,,,,,,,5.14,0.26,
1999-04-01,US_10Y,yield,,5.27,,,,,,,,3.335,,,,,,,,,,,,,,,,,,,,,,,,,,5.14,0.26,
1999-04-02,GER_10Y,yield,,3.85,,,,,,,,3.335,,,,,,,,,,,,,,,,,,,,,,,,,,5.08,0.24,
1999-04-02,JPN_10Y,yield,,1.563,,,,,,,,3.335,,,,,,,,,,,,,,,,,,,,,,,,,,5.08,0.24,
1999-04-02,UK_10Y,yield,,4.592,,,,,,,,3.335,,,,,,,,,,,,,,,,,,,,,,,,,,5.08,0.24,
1999-04-02,US_02Y,yield,,4.96,,,,,,,,3.335,,,,,,,,,,,,,,,,,,,,,,,,,,5.08,0.24,
1999-04-02,US_10Y,yield,,5.2,,,,,,,,3.335,,,,,,,,,,,,,,,,,,,,,,,,,,5.08,0.24,
1999-04-05,GER_10Y,yield,,3.85,,,,,,,,3.335,,,,,,,,,,,,,,,,,,,,,,,,,,5.08,0.24,
1999-04-05,JPN_10Y,yield,,1.563,,,,,,,,3.335,,,,,,,,,,,,,,,,,,,,,,,,,,5.08,0.24,
1999-04-05,UK_10Y,yield,,4.592,,,,,,,,3.335,,,,,,,,,,,,,,,,,,,,,,,,,,5.08,0.24,
1999-04-05,US_02Y,yield,,4.96,,,,,,,,3.335,,,,,,,,,,,,,,,,,,,,,,,,,,5.08,0.24,
1999-04-05,US_10Y,yield,,5.2,,,,,,,,3.335,,,,,,,,,,,,,,,,,,,,,,,,,,5.08,0.24,
1999-04-06,GER_10Y,yield,,3.85,,,,,,,,3.335,,,,,,,,,,,,,,,,,,,,,,,,,,5.03,0.2,
1999-04-06,JPN_10Y,yield,,1.563,,,,,,,,3.335,,,,,,,,,,,,,,,,,,,,,,,,,,5.03,0.2,
1999-04-06,UK_10Y,yield,,4.592,,,,,,,,3.335,,,,,,,,,,,,,,,,,,,,,,,,,,5.03,0.2,
1999-04-06,US_02Y,yield,,4.93,,,,,,,,3.335,,,,,,,,,,,,,,,,,,,,,,,,,,5.03,0.2,
1999-04-06,US_10Y,yield,,5.13,,,,,,,,3.335,,,,,,,,,,,,,,,,,,,,,,,,,,5.03,0.2,
1999-04-07,GER_10Y,yield,,3.85,,,,,,,,3.335,,,,,,,,,,,,,,,,,,,,,,,,,,5.035,0.21,
1999-04-07,JPN_10Y,yield,,1.563,,,,,,,,3.335,,,,,,,,,,,,,,,,,,,,,,,,,,5.035,0.21,
1999-04-07,UK_10Y,yield,,4.592,,,,,,,,3.335,,,,,,,,,,,,,,,,,,,,,,,,,,5.035,0.21,
1999-04-07,US_02Y,yield,,4.93,,,,,,,,3.335,,,,,,,,,,,,,,,,,,,,,,,,,,5.035,0.21,
1999-04-07,US_10Y,yield,,5.14,,,,,,,,3.335,,,,,,,,,,,,,,,,,,,,,,,,,,5.035,0.21,
1999-04-08,GER_10Y,yield,,3.85,,,,,,,,3.335,,,,,,,,,,,,,,,,,,,,,,,,,,4.945,0.17,
1999-04-08,JPN_10Y,yield,,1.563,,,,,,,,3.335,,,,,,,,,,,,,,,,,,,,,,,,,,4.945,0.17,
1999-04-08,UK_10Y,yield,,4.592,,,,,,,,3.335,,,,,,,,,,,,,,,,,,,,,,,,,,4.945,0.17,
1999-04-08,US_02Y,yield,,4.86,,,,,,,,3.335,,,,,,,,,,,,,,,,,,,,,,,,,,4.945,0.17,
1999-04-08,US_10Y,yield,,5.03,,,,,,,,3.335,,,,,,,,,,,,,,,,,,,,,,,,,,4.945,0.17,
1999-04-09,GER_10Y,yield,,3.85,,,,,,,,3.335,,,,,,,,,,,,,,,,,,,,,,,,,,4.965,0.17,
1999-04-09,JPN_10Y,yield,,1.563,,,,,,,,3.335,,,,,,,,,,,,,,,,,,,,,,,,,,4.965,0.17,
1999-04-09,UK_10Y,yield,,4.592,,,,,,,,3.335,,,,,,,,,,,,,,,,,,,,,,,,,,4.965,0.17,
1999-04-09,US_02Y,yield,,4.88,,,,,,,,3.335,,,,,,,,,,,,,,,,,,,,,,,,,,4.965,0.17,
1999-04-09,US_10Y,yield,,5.05,,,,,,,,3.335,,,,,,,,,,,,,,,,,,,,,,,,,,4.965,0.17,
1999-04-12,GER_10Y,yield,,3.85,,,,,,,,3.335,,,,,,,,,,,,,,,,,,,,,,,,,,4.995,0.13,
1999-04-12,JPN_10Y,yield,,1.563,,,,,,,,3.335,,,,,,,,,,,,,,,,,,,,,,,,,,4.995,0.13,
1999-04-12,UK_10Y,yield,,4.592,,,,,,,,3.335,,,,,,,,,,,,,,,,,,,,,,,,,,4.995,0.13,
1999-04-12,US_02Y,yield,,4.93,,,,,,,,3.335,,,,,,,,,,,,,,,,,,,,,,,,,,4.995,0.13,
1999-04-12,US_10Y,yield,,5.06,,,,,,,,3.335,,,,,,,,,,,,,,,,,,,,,,,,,,4.995,0.13,
1999-04-13,GER_10Y,yield,,3.85,,,,,,,,3.335,,,,,,,,,,,,,,,,,,,,,,,,,,5.03,0.18,
1999-04-13,JPN_10Y,yield,,1.563,,,,,,,,3.335,,,,,,,,,,,,,,,,,,,,,,,,,,5.03,0.18,
1999-04-13,UK_10Y,yield,,4.592,,,,,,,,3.335,,,,,,,,,,,,,,,,,,,,,,,,,,5.03,0.18,
1999-04-13,US_02Y,yield,,4.94,,,,,,,,3.335,,,,,,,,,,,,,,,,,,,,,,,,,,5.03,0.18,
1999-04-13,US_10Y,yield,,5.12,,,,,,,,3.335,,,,,,,,,,,,,,,,,,,,,,,,,,5.03,0.18,
1999-04-14,GER_10Y,yield,,3.85,,,,,,,,3.335,,,,,,,,,,,,,,,,,,,,,,,,,,5.04,0.18,
1999-04-14,JPN_10Y,yield,,1.563,,,,,,,,3.335,,,,,,,,,,,,,,,,,,,,,,,,,,5.04,0.18,
1999-04-14,UK_10Y,yield,,4.592,,,,,,,,3.335,,,,,,,,,,,,,,,,,,,,,,,,,,5.04,0.18,
1999-04-14,US_02Y,yield,,4.95,,,,,,,,3.335,,,,,,,,,,,,,,,,,,,,,,,,,,5.04,0.18,
1999-04-14,US_10Y,yield,,5.13,,,,,,,,3.335,,,,,,,,,,,,,,,,,,,,,,,,,,5.04,0.18,
1999-04-15,GER_10Y,yield,,3.85,,,,,,,,3.335,,,,,,,,,,,,,,,,,,,,,,,,,,5.075,0.21,
1999-04-15,JPN_10Y,yield,,1.563,,,,,,,,3.335,,,,,,,,,,,,,,,,,,,,,,,,,,5.075,0.21,
1999-04-15,UK_10Y,yield,,4.592,,,,,,,,3.335,,,,,,,,,,,,,,,,,,,,,,,,,,5.075,0.21,
1999-04-15,US_02Y,yield,,4.97,,,,,,,,3.335,,,,,,,,,,,,,,,,,,,,,,,,,,5.075,0.21,
1999-04-15,US_10Y,yield,,5.18,,,,,,,,3.335,,,,,,,,,,,,,,,,,,,,,,,,,,5.075,0.21,
1999-04-16,GER_10Y,yield,,3.85,,,,,,,,3.335,,,,,,,,,,,,,,,,,,,,,,,,,,5.125,0.21,
1999-04-16,JPN_10Y,yield,,1.563,,,,,,,,3.335,,,,,,,,,,,,,,,,,,,,,,,,,,5.125,0.21,
1999-04-16,UK_10Y,yield,,4.592,,,,,,,,3.335,,,,,,,,,,,,,,,,,,,,,,,,,,5.125,0.21,
1999-04-16,US_02Y,yield,,5.02,,,,,,,,3.335,,,,,,,,,,,,,,,,,,,,,,,,,,5.125,0.21,
1999-04-16,US_10Y,yield,,5.23,,,,,,,,3.335,,,,,,,,,,,,,,,,,,,,,,,,,,5.125,0.21,
1999-04-19,GER_10Y,yield,,3.85,,,,,,,,3.335,,,,,,,,,,,,,,,,,,,,,,,,,,5.085,0.19,
1999-04-19,JPN_10Y,yield,,1.563,,,,,,,,3.335,,,,,,,,,,,,,,,,,,,,,,,,,,5.085,0.19,
1999-04-19,UK_10Y,yield,,4.592,,,,,,,,3.335,,,,,,,,,,,,,,,,,,,,,,,,,,5.085,0.19,
1999-04-19,US_02Y,yield,,4.99,,,,,,,,3.335,,,,,,,,,,,,,,,,,,,,,,,,,,5.085,0.19,
1999-04-19,US_10Y,yield,,5.18,,,,,,,,3.335,,,,,,,,,,,,,,,,,,,,,,,,,,5.085,0.19,
1999-04-20,GER_10Y,yield,,3.85,,,,,,,,3.335,,,,,,,,,,,,,,,,,,,,,,,,,,5.055,0.21,
1999-04-20,JPN_10Y,yield,,1.563,,,,,,,,3.335,,,,,,,,,,,,,,,,,,,,,,,,,,5.055,0.21,
1999-04-20,UK_10Y,yield,,4.592,,,,,,,,3.335,,,,,,,,,,,,,,,,,,,,,,,,,,5.055,0.21,
1999-04-20,US_02Y,yield,,4.95,,,,,,,,3.335,,,,,,,,,,,,,,,,,,,,,,,,,,5.055,0.21,
1999-04-20,US_10Y,yield,,5.16,,,,,,,,3.335,,,,,,,,,,,,,,,,,,,,,,,,,,5.055,0.21,
1999-04-21,GER_10Y,yield,,3.85,,,,,,,,3.335,,,,,,,,,,,,,,,,,,,,,,,,,,5.08,0.18,
1999-04-21,JPN_10Y,yield,,1.563,,,,,,,,3.335,,,,,,,,,,,,,,,,,,,,,,,,,,5.08,0.18,
1999-04-21,UK_10Y,yield,,4.592,,,,,,,,3.335,,,,,,,,,,,,,,,,,,,,,,,,,,5.08,0.18,
1999-04-21,US_02Y,yield,,4.99,,,,,,,,3.335,,,,,,,,,,,,,,,,,,,,,,,,,,5.08,0.18,
1999-04-21,US_10Y,yield,,5.17,,,,,,,,3.335,,,,,,,,,,,,,,,,,,,,,,,,,,5.08,0.18,
1999-04-22,GER_10Y,yield,,3.85,,,,,,,,3.335,,,,,,,,,,,,,,,,,,,,,,,,,,5.15,0.2,
1999-04-22,JPN_10Y,yield,,1.563,,,,,,,,3.335,,,,,,,,,,,,,,,,,,,,,,,,,,5.15,0.2,
1999-04-22,UK_10Y,yield,,4.592,,,,,,,,3.335,,,,,,,,,,,,,,,,,,,,,,,,,,5.15,0.2,
